Count of Bay Genotype,14,16,17,16,18,19,16,13,11,10,9,7,7,6,7,8,11,12,11,12,12,13,19,16,16,15,12,11,9,12,14,13,13,13,9,6,6,7,7,8,5,13,13,14,13,12,12,16,16,19,16,14,5,4,5,8,10,9,9,10,11,9,9,8,10,15,16,16,15
Count of Heterozygotes,0,0,1,1,0,0,1,2,2,1,1,1,0,0,0,1,0,0,1,1,1,1,0,0,0,0,0,0,0,1,0,1,1,0,1,1,1,1,1,0,0,1,1,0,0,1,1,0,0,0,2,1,1,0,1,0,0,0,0,0,0,1,1,2,1,1,1,2,1
Count of Crosses,1,1,1,1,1,1,1,1,1,1,1,1,1,1,1,1,1,1,1,1,1,1,1,1,1,1,1,1,1,1,1,1,1,1,1,1,1,1,1,1,1,1,1,1,1,1,1,1,1,1,1,1,1,1,1,1,1,1,1,1,1,1,1,1,1,1,1,1,1
Count of NA,0,0,0,0,0,0,0,0,1,0,0,0,0,0,0,0,0,0,0,1,0,1,0,0,0,0,0,0,0,0,0,0,0,0,0,0,0,1,0,2,0,0,0,0,0,0,0,0,0,0,0,0,0,0,0,0,0,0,0,0,1,0,0,0,2,0,0,0,0
Total # alleles,806,806,806,806,806,806,806,806,770,806,806,806,806,806,806,806,806,806,806,770,806,770,806,806,806,806,806,806,806,806,806,806,806,806,806,806,806,770,806,734,806,806,806,806,806,806,806,806,806,806,806,806,806,806,806,806,806,806,806,806,770,806,806,806,734,806,806,806,806
Dormant Pop Allele Frequency,0.700992556,0.790322581,0.857320099,0.812655087,0.879652605,1,0.812655087,0.700992556,0.64025974,0.544665012,0.5,0.410669975,0.388337469,0.343672457,0.388337469,0.455334988,0.566997519,0.611662531,0.589330025,0.663636364,0.633995037,0.71038961,1,0.790322581,0.790322581,0.745657568,0.611662531,0.566997519,0.477667494,0.633995037,0.700992556,0.67866005,0.67866005,0.656327543,0.5,0.366004963,0.366004963,0.42987013,0.410669975,0.475476839,0.299007444,0.67866005,0.67866005,0.700992556,0.656327543,0.633995037,0.633995037,0.790322581,0.790322581,1,0.834987593,0.723325062,0.32133995,0.254342432,0.32133995,0.433002481,0.522332506,0.477667494,0.477667494,0.522332506,0.593506494,0.5,0.5,0.477667494,0.598092643,0.767990074,0.812655087,0.834987593,0.767990074
Count of Bay Genotype,6,6,4,4,1,0,2,9,12,14,14,13,13,12,14,11,13,14,5,3,2,2,0,4,7,8,10,10,10,7,9,8,8,8,7,8,12,11,10,10,8,9,10,8,8,8,6,0,0,0,1,6,10,7,6,8,10,10,9,12,13,14,14,14,15,16,16,13,14
Count of Heterozygotes,1,0,0,1,1,0,1,0,1,0,0,0,0,0,0,1,1,0,1,0,0,2,0,0,0,0,1,1,0,1,0,0,0,0,2,0,0,1,2,0,0,1,1,1,1,0,0,1,0,0,0,1,0,3,2,2,2,1,1,1,1,1,1,0,1,0,0,1,1
Count of Crosses,1,1,1,1,1,0,1,1,1,1,1,1,1,1,1,1,1,1,1,1,1,1,0,1,1,1,1,1,1,1,1,1,1,1,1,1,1,1,1,1,1,1,1,1,1,1,1,1,1,0,1,1,1,1,1,1,1,1,1,1,1,1,1,1,1,1,1,1,1
Count of NA,0,0,0,0,0,0,2,0,0,0,0,0,0,1,0,0,0,0,0,1,0,0,0,0,0,0,0,0,0,0,0,0,1,0,1,0,0,0,0,0,0,0,0,0,0,0,0,0,0,0,1,0,0,0,0,0,0,0,1,0,1,0,0,0,0,0,0,0,0
Total # alleles,806,806,806,806,806,684,734,806,806,806,806,806,806,770,806,806,806,806,806,770,806,806,684,806,806,806,806,806,806,806,806,806,770,806,770,806,806,806,806,806,806,806,806,806,806,806,806,806,806,684,770,806,806,806,806,806,806,806,770,806,770,806,806,806,806,806,806,806,806
Non-Dormant Pop Allele Frequency,0.366004963,0.343672457,0.254342432,0.276674938,0.142679901,0,0.205722071,0.477667494,0.633995037,0.700992556,0.700992556,0.656327543,0.656327543,0.64025974,0.700992556,0.589330025,0.67866005,0.700992556,0.32133995,0.219480519,0.165012407,0.209677419,0,0.254342432,0.388337469,0.433002481,0.544665012,0.544665012,0.522332506,0.410669975,0.477667494,0.433002481,0.453246753,0.433002481,0.453246753,0.433002481,0.611662531,0.589330025,0.566997519,0.522332506,0.433002481,0.5,0.544665012,0.455334988,0.455334988,0.433002481,0.343672457,0.098014888,0.075682382,0,0.125974026,0.366004963,0.522332506,0.455334988,0.388337469,0.477667494,0.566997519,0.544665012,0.523376623,0.633995037,0.71038961,0.723325062,0.723325062,0.700992556,0.767990074,0.790322581,0.790322581,0.67866005,0.723325062
Count of Bay Genotype,20,22,21,20,19,19,18,22,23,24,23,20,20,18,21,19,24,26,16,15,14,15,19,20,23,23,22,21,19,19,23,21,21,21,16,14,18,18,17,18,13,22,23,22,21,20,18,16,16,19,17,20,15,11,11,16,20,19,18,22,24,23,23,22,25,31,32,29,29
Count of Heterozygotes,1,0,1,2,1,0,2,2,3,1,1,1,0,0,0,2,1,0,2,1,1,3,0,0,0,0,1,1,0,2,0,1,1,0,3,1,1,2,3,0,0,2,2,1,1,1,1,1,0,0,2,2,1,3,3,2,2,1,1,1,1,2,2,2,2,1,1,3,2
Count of Crosses,2,2,2,2,2,2,2,2,2,2,2,2,2,2,2,2,2,2,2,2,2,2,2,2,2,2,2,2,2,2,2,2,2,2,2,2,2,2,2,2,2,2,2,2,2,2,2,2,2,2,2,2,2,2,2,2,2,2,2,2,2,2,2,2,2,2,2,2,2
Count of NA,0,0,0,0,0,0,2,0,1,0,0,0,0,1,0,0,0,0,0,2,0,1,0,0,0,0,0,0,0,0,0,0,1,0,1,0,0,1,0,2,0,0,0,0,0,0,0,0,0,0,1,0,0,0,0,0,0,0,1,0,2,0,0,0,2,0,0,0,0
Total # alleles,804,804,804,804,804,804,768,804,786,804,804,804,804,786,804,804,804,804,804,768,804,786,804,804,804,804,804,804,804,804,804,804,786,804,786,804,804,786,804,768,804,804,804,804,804,804,804,804,804,804,786,804,804,804,804,804,804,804,786,804,768,804,804,804,768,804,804,804,804
Mixed Pop Allele Frequency,0.53358209,0.567164179,0.555970149,0.544776119,0.51119403,0.5,0.5234375,0.589552239,0.63740458,0.623134328,0.600746269,0.53358209,0.52238806,0.488549618,0.544776119,0.52238806,0.623134328,0.656716418,0.455223881,0.44140625,0.399253731,0.454198473,0.5,0.52238806,0.589552239,0.589552239,0.578358209,0.555970149,0.5,0.52238806,0.589552239,0.555970149,0.56870229,0.544776119,0.477099237,0.399253731,0.48880597,0.511450382,0.48880597,0.5,0.365671642,0.589552239,0.611940299,0.578358209,0.555970149,0.53358209,0.48880597,0.444029851,0.432835821,0.5,0.488549618,0.544776119,0.421641791,0.354477612,0.354477612,0.455223881,0.544776119,0.51119403,0.5,0.578358209,0.65234375,0.611940299,0.611940299,0.589552239,0.6875,0.779850746,0.802238806,0.757462687,0.746268657