Year,Block,PopId,RILSet,Dormancy,Envt,IndivID,BandColor,Fruits
1,1,A_0,IS,Dormant,Litter,1,IC,9
1,1,A_0,IS,Dormant,Litter,2,OC,3
1,1,A_0,IS,Dormant,Litter,3,OC,20
1,1,A_0,IS,Dormant,Litter,4,OC,6
1,1,A_0,IS,Dormant,Litter,5,OC,71
1,1,A_0,IS,Dormant,Litter,6,OC,39
1,1,A_0,IS,Dormant,Litter,7,OC,47
1,1,A_0,IS,Dormant,Litter,8,OC,17
1,1,A_0,IS,Dormant,Litter,9,OC,11
1,1,A_0,IS,Dormant,Litter,10,OC,38
1,1,A_0,IS,Dormant,Litter,11,IC,3
1,1,A_0,IS,Dormant,Litter,12,OC,11
1,1,A_0,IS,Dormant,Litter,13,OC,10
1,1,A_0,IS,Dormant,Litter,14,OC,5
1,1,A_0,IS,Dormant,Litter,15,OC,7
1,1,A_0,IS,Dormant,Litter,16,OC,5
1,1,A_0,IS,Dormant,Litter,17,OC,8
1,1,A_0,IS,Dormant,Litter,18,OC,14
2,1,A_0,IS,Dormant,Litter,0,unmarked,0
1,1,A_3,IS,Non-Dormant,Litter,1,OC,4
1,1,A_3,IS,Non-Dormant,Litter,2,OC,3
1,1,A_3,IS,Non-Dormant,Litter,3,OC,2
1,1,A_3,IS,Non-Dormant,Litter,4,OC,2
1,1,A_3,IS,Non-Dormant,Litter,5,OC,3
1,1,A_3,IS,Non-Dormant,Litter,6,OC,3
1,1,A_3,IS,Non-Dormant,Litter,7,OC,6
1,1,A_3,IS,Non-Dormant,Litter,8,OC,3
1,1,B_2,IS,Non-Dormant,High Humidity,1,IC,2
1,1,B_2,IS,Non-Dormant,High Humidity,2,IC,3
1,1,B_2,IS,Non-Dormant,High Humidity,3,IC,4
1,1,B_2,IS,Non-Dormant,High Humidity,4,IC,6
1,1,B_2,IS,Non-Dormant,High Humidity,5,IC,3
1,1,B_2,IS,Non-Dormant,High Humidity,6,IC,9
1,1,B_2,IS,Non-Dormant,High Humidity,7,IC,15
1,1,B_2,IS,Non-Dormant,High Humidity,8,IC,3
1,1,B_2,IS,Non-Dormant,High Humidity,9,IC,2
1,1,B_2,IS,Non-Dormant,High Humidity,10,IC,1
1,1,B_2,IS,Non-Dormant,High Humidity,11,IC,1
1,1,B_2,IS,Non-Dormant,High Humidity,12,IC,10
1,1,B_2,IS,Non-Dormant,High Humidity,13,IC,21
1,1,B_2,IS,Non-Dormant,High Humidity,14,IC,16
1,1,B_2,IS,Non-Dormant,High Humidity,15,OC,214
1,1,B_2,IS,Non-Dormant,High Humidity,16,OC,87
1,1,B_2,IS,Non-Dormant,High Humidity,17,OC,19
1,1,B_2,IS,Non-Dormant,High Humidity,18,OC,42
1,1,B_2,IS,Non-Dormant,High Humidity,19,OC,129
1,1,B_2,IS,Non-Dormant,High Humidity,20,OC,16
1,1,C_2,IS,Non-Dormant,Control,1,OC,11
1,1,C_2,IS,Non-Dormant,Control,2,OC,23
1,1,C_2,IS,Non-Dormant,Control,3,OC,31
1,1,C_2,IS,Non-Dormant,Control,4,OC,19
1,2,A_5,IS,Mixed,Litter,2,IC,2
1,2,A_5,IS,Mixed,Litter,3,OC,4
1,2,A_5,IS,Mixed,Litter,4,OC,7
1,2,A_5,IS,Mixed,Litter,5,OC,6
1,2,A_5,IS,Mixed,Litter,6,OC,17
1,2,A_5,IS,Mixed,Litter,7,OC,103
1,2,A_5,IS,Mixed,Litter,8,OC,11
1,2,A_5,IS,Mixed,Litter,9,OC,8
1,2,A_5,IS,Mixed,Litter,10,OC,15
1,2,A_5,IS,Mixed,Litter,11,OC,7
1,2,A_5,IS,Mixed,Litter,12,OC,9
1,2,A_5,IS,Mixed,Litter,13,OC,5
1,2,A_5,IS,Mixed,Litter,14,OC,31
1,2,A_5,IS,Mixed,Litter,15,OC,23
1,2,A_5,IS,Mixed,Litter,16,OC,28
1,2,A_5,IS,Mixed,Litter,17,OC,9
1,2,A_5,IS,Mixed,Litter,18,OC,10
1,2,A_5,IS,Mixed,Litter,19,OC,5
1,2,A_5,IS,Mixed,Litter,1,green,0
1,2,A_7,IS,Mixed,Native Soil,1,green,10
1,2,A_7,IS,Mixed,Native Soil,2,orange,22
1,2,A_7,IS,Mixed,Native Soil,3,blue,16
1,2,A_7,IS,Mixed,Native Soil,4,purple,17
1,2,A_7,IS,Mixed,Native Soil,5,yellow,13
1,2,A_7,IS,Mixed,Native Soil,6,pink,22
1,2,A_7,IS,Mixed,Native Soil,7,yellow-blue,23
1,2,A_7,IS,Mixed,Native Soil,8,yellow-green,9
1,2,A_7,IS,Mixed,Native Soil,9,orange-purple,29
1,2,A_7,IS,Mixed,Native Soil,10,green-pink,5
1,2,A_7,IS,Mixed,Native Soil,11,purple-pink,6
1,2,A_7,IS,Mixed,Native Soil,12,purple-green,6
1,2,A_7,IS,Mixed,Native Soil,14,green-orange,6
1,2,A_7,IS,Mixed,Native Soil,15,blue-pink,56
1,2,A_7,IS,Mixed,Native Soil,16,blue-purple,2
1,2,A_7,IS,Mixed,Native Soil,17,yellow-purple,8
1,2,A_7,IS,Mixed,Native Soil,18,yellow-pink,3
1,2,A_7,IS,Mixed,Native Soil,19,OC,80
1,2,A_7,IS,Mixed,Native Soil,20,OC,109
1,2,A_7,IS,Mixed,Native Soil,13,orange-blue,0
2,2,A_7,IS,Mixed,Native Soil,1,pink,2
2,2,A_7,IS,Mixed,Native Soil,2,orange,19
2,2,A_7,IS,Mixed,Native Soil,3,purple,27
2,2,A_7,IS,Mixed,Native Soil,4,blue,13
2,2,A_7,IS,Mixed,Native Soil,5,unmarked,7
2,2,A_7,IS,Mixed,Native Soil,6,unmarked,2
2,2,A_7,IS,Mixed,Native Soil,7,unmarked,4
2,2,A_7,IS,Mixed,Native Soil,8,unmarked,3
2,2,A_7,IS,Mixed,Native Soil,9,unmarked,3
2,2,A_7,IS,Mixed,Native Soil,10,unmarked,7
2,2,A_7,IS,Mixed,Native Soil,11,unmarked,7
2,2,A_7,IS,Mixed,Native Soil,12,unmarked,2
2,2,A_7,IS,Mixed,Native Soil,13,unmarked,2
2,2,A_7,IS,Mixed,Native Soil,14,unmarked,3
2,2,A_7,IS,Mixed,Native Soil,15,unmarked,9
2,2,A_7,IS,Mixed,Native Soil,16,unmarked,2
2,2,A_7,IS,Mixed,Native Soil,17,unmarked,2
2,2,A_7,IS,Mixed,Native Soil,18,unmarked,4
2,2,A_7,IS,Mixed,Native Soil,19,unmarked,2
2,2,A_7,IS,Mixed,Native Soil,20,unmarked,3
1,2,B_6,IS,Non-Dormant,High Humidity,1,orange,2
1,2,B_6,IS,Non-Dormant,High Humidity,3,pink,19
1,2,B_6,IS,Non-Dormant,High Humidity,5,blue,84
1,2,B_6,IS,Non-Dormant,High Humidity,6,purple-pink,12
1,2,B_6,IS,Non-Dormant,High Humidity,7,orange-pink,81
1,2,B_6,IS,Non-Dormant,High Humidity,9,blue-yellow,11
1,2,B_6,IS,Non-Dormant,High Humidity,10,IC,261
1,2,B_6,IS,Non-Dormant,High Humidity,11,IC,35
1,2,B_6,IS,Non-Dormant,High Humidity,12,OC,291
1,2,B_6,IS,Non-Dormant,High Humidity,13,OC,713
1,2,B_6,IS,Non-Dormant,High Humidity,14,OC,31
1,2,B_6,IS,Non-Dormant,High Humidity,15,OC,27
1,2,B_6,IS,Non-Dormant,High Humidity,16,OC,47
1,2,B_6,IS,Non-Dormant,High Humidity,17,OC,15
1,2,B_6,IS,Non-Dormant,High Humidity,18,OC,142
1,2,B_6,IS,Non-Dormant,High Humidity,19,OC,5
1,2,B_6,IS,Non-Dormant,High Humidity,20,OC,76
1,2,B_6,IS,Non-Dormant,High Humidity,1.1,orange,0
1,2,B_6,IS,Non-Dormant,High Humidity,2,purple,0
1,2,B_6,IS,Non-Dormant,High Humidity,4,green,0
1,2,B_6,IS,Non-Dormant,High Humidity,5.1,blue,0
2,2,B_6,IS,Non-Dormant,High Humidity,2,pink,11
2,2,B_6,IS,Non-Dormant,High Humidity,3,orange,4
2,2,B_6,IS,Non-Dormant,High Humidity,4,yellow,2
2,2,B_6,IS,Non-Dormant,High Humidity,6,purple,3
2,2,B_6,IS,Non-Dormant,High Humidity,9,purple-green,9
2,2,B_6,IS,Non-Dormant,High Humidity,10,purple-blue,9
2,2,B_6,IS,Non-Dormant,High Humidity,11,unmarked,5
2,2,B_6,IS,Non-Dormant,High Humidity,12,unmarked,2
2,2,B_6,IS,Non-Dormant,High Humidity,13,unmarked,1
2,2,B_6,IS,Non-Dormant,High Humidity,14,unmarked,2
2,2,B_6,IS,Non-Dormant,High Humidity,15,unmarked,8
2,2,B_6,IS,Non-Dormant,High Humidity,1,blue,0
2,2,B_6,IS,Non-Dormant,High Humidity,3.1,orange,0
2,2,B_6,IS,Non-Dormant,High Humidity,3.2,orange,0
2,2,B_6,IS,Non-Dormant,High Humidity,4.1,yellow,0
2,2,B_6,IS,Non-Dormant,High Humidity,5.1,green,0
2,2,B_6,IS,Non-Dormant,High Humidity,7,yellow-pink,0
2,2,B_6,IS,Non-Dormant,High Humidity,8,yellow-orange,0
1,2,B_7,IS,Mixed,Control,1,yellow,65
1,2,B_7,IS,Mixed,Control,2,blue,137
1,2,B_7,IS,Mixed,Control,3,green,64
1,2,B_7,IS,Mixed,Control,4,orange,20
1,2,B_7,IS,Mixed,Control,5,purple,53
1,2,B_7,IS,Mixed,Control,6,pink,13
1,2,B_7,IS,Mixed,Control,7,IC,10
1,2,B_7,IS,Mixed,Control,8,IC,105
1,2,B_7,IS,Mixed,Control,9,IC,5
1,2,B_7,IS,Mixed,Control,10,OC,18
1,2,B_7,IS,Mixed,Control,11,OC,9
1,2,B_7,IS,Mixed,Control,12,OC,14
1,2,B_7,IS,Mixed,Control,13,OC,26
1,2,B_7,IS,Mixed,Control,14,OC,29
1,2,B_7,IS,Mixed,Control,15,OC,9
1,2,B_7,IS,Mixed,Control,16,OC,85
1,2,B_7,IS,Mixed,Control,17,OC,129
1,2,B_7,IS,Mixed,Control,18,OC,71
1,2,B_7,IS,Mixed,Control,19,OC,92
1,2,B_7,IS,Mixed,Control,20,OC,76
1,2,B_7,IS,Mixed,Control,3.1,green,0
2,2,B_7,IS,Mixed,Control,1,unmarked,13
2,2,B_7,IS,Mixed,Control,2,unmarked,5
2,2,B_7,IS,Mixed,Control,3,unmarked,4
2,2,B_7,IS,Mixed,Control,NA,NA,NA
2,2,B_7,IS,Mixed,Control,NA,NA,NA
2,2,B_7,IS,Mixed,Control,NA,NA,NA
2,2,B_7,IS,Mixed,Control,NA,NA,0
2,2,B_7,IS,Mixed,Control,NA,NA,0
2,2,B_7,IS,Mixed,Control,NA,NA,0
2,2,B_7,IS,Mixed,Control,NA,NA,0
2,2,B_7,IS,Mixed,Control,NA,NA,0
2,2,B_7,IS,Mixed,Control,NA,NA,0
2,2,B_7,IS,Mixed,Control,NA,NA,0
2,2,B_7,IS,Mixed,Control,NA,NA,0
2,2,B_7,IS,Mixed,Control,NA,NA,0
2,2,B_7,IS,Mixed,Control,NA,NA,0
2,2,B_7,IS,Mixed,Control,NA,NA,0
2,2,B_7,IS,Mixed,Control,NA,NA,0
2,2,B_7,IS,Mixed,Control,NA,NA,0
2,2,B_7,IS,Mixed,Control,NA,NA,0
1,2,C_7,IS,Dormant,Control,1,OC,9
1,2,C_7,IS,Dormant,Control,2,OC,4
1,2,C_7,IS,Dormant,Control,3,OC,5
1,2,C_7,IS,Dormant,Control,4,OC,4
1,2,C_7,IS,Dormant,Control,5,OC,3
1,2,C_7,IS,Dormant,Control,6,OC,2
1,2,C_7,IS,Dormant,Control,7,OC,3
1,2,C_7,IS,Dormant,Control,8,OC,5
1,2,C_7,IS,Dormant,Control,9,OC,6
1,2,C_7,IS,Dormant,Control,10,OC,7
1,2,C_7,IS,Dormant,Control,11,OC,3
1,2,C_7,IS,Dormant,Control,12,OC,4
1,2,C_7,IS,Dormant,Control,13,OC,11
1,2,C_7,IS,Dormant,Control,14,OC,17
1,2,C_7,IS,Dormant,Control,15,OC,41
1,2,C_7,IS,Dormant,Control,16,OC,4
1,2,C_7,IS,Dormant,Control,17,OC,6
1,2,C_7,IS,Dormant,Control,18,OC,5
1,2,C_7,IS,Dormant,Control,19,OC,133
1,2,C_7,IS,Dormant,Control,20,OC,35
2,2,C_7,IS,Dormant,Control,3,pink,9
2,2,C_7,IS,Dormant,Control,5,blue,6
2,2,C_7,IS,Dormant,Control,6,unmarked,5
2,2,C_7,IS,Dormant,Control,7,unmarked,3
2,2,C_7,IS,Dormant,Control,8,unmarked,3
2,2,C_7,IS,Dormant,Control,9,unmarked,9
2,2,C_7,IS,Dormant,Control,10,unmarked,22
2,2,C_7,IS,Dormant,Control,1,purple,0
2,2,C_7,IS,Dormant,Control,2,yellow,0
2,2,C_7,IS,Dormant,Control,4,orange,0
1,2,D_5,IS,Mixed,High Humidity,1,blue,30
1,2,D_5,IS,Mixed,High Humidity,2,orange,183
1,2,D_5,IS,Mixed,High Humidity,3,green,168
1,2,D_5,IS,Mixed,High Humidity,4,yellow,240
1,2,D_5,IS,Mixed,High Humidity,5,green-red,245
1,2,D_5,IS,Mixed,High Humidity,7,pink,195
1,2,D_5,IS,Mixed,High Humidity,8,IC,24
1,2,D_5,IS,Mixed,High Humidity,9,IC,6
1,2,D_5,IS,Mixed,High Humidity,10,IC,3
1,2,D_5,IS,Mixed,High Humidity,11,IC,30
1,2,D_5,IS,Mixed,High Humidity,12,IC,28
1,2,D_5,IS,Mixed,High Humidity,13,IC,54
1,2,D_5,IS,Mixed,High Humidity,14,IC,93
1,2,D_5,IS,Mixed,High Humidity,15,OC,150
1,2,D_5,IS,Mixed,High Humidity,16,OC,732
1,2,D_5,IS,Mixed,High Humidity,17,OC,130
1,2,D_5,IS,Mixed,High Humidity,18,OC,6
1,2,D_5,IS,Mixed,High Humidity,19,OC,114
1,2,D_5,IS,Mixed,High Humidity,20,OC,1116
2,2,D_5,IS,Mixed,High Humidity,7,purple,3
2,2,D_5,IS,Mixed,High Humidity,12,blue-orange,3
2,2,D_5,IS,Mixed,High Humidity,13,green-pink,5
2,2,D_5,IS,Mixed,High Humidity,14,green-yellow,31
2,2,D_5,IS,Mixed,High Humidity,15,green-purple,4
2,2,D_5,IS,Mixed,High Humidity,16,green-orange,4
2,2,D_5,IS,Mixed,High Humidity,17,unmarked,9
2,2,D_5,IS,Mixed,High Humidity,18,unmarked,12
2,2,D_5,IS,Mixed,High Humidity,19,unmarked,6
2,2,D_5,IS,Mixed,High Humidity,20,unmarked,2
2,2,D_5,IS,Mixed,High Humidity,1,yellow,0
2,2,D_5,IS,Mixed,High Humidity,2,pink,0
2,2,D_5,IS,Mixed,High Humidity,3,orange,0
2,2,D_5,IS,Mixed,High Humidity,4,blue,0
2,2,D_5,IS,Mixed,High Humidity,6,blue-pink,0
2,2,D_5,IS,Mixed,High Humidity,8,purple-yellow,0
2,2,D_5,IS,Mixed,High Humidity,9,blue-green,0
2,2,D_5,IS,Mixed,High Humidity,10,purple-orange,0
1,2,D_6,IS,Dormant,High Humidity,1,purple,31
1,2,D_6,IS,Dormant,High Humidity,2,orange,72
1,2,D_6,IS,Dormant,High Humidity,3,pink,3
1,2,D_6,IS,Dormant,High Humidity,4,green,127
1,2,D_6,IS,Dormant,High Humidity,5,yellow,10
1,2,D_6,IS,Dormant,High Humidity,6,blue,19
1,2,D_6,IS,Dormant,High Humidity,7,IC,29
1,2,D_6,IS,Dormant,High Humidity,8,IC,130
1,2,D_6,IS,Dormant,High Humidity,9,IC,15
1,2,D_6,IS,Dormant,High Humidity,10,IC,25
1,2,D_6,IS,Dormant,High Humidity,11,IC,50
1,2,D_6,IS,Dormant,High Humidity,12,IC,30
1,2,D_6,IS,Dormant,High Humidity,13,IC,5
1,2,D_6,IS,Dormant,High Humidity,14,IC,12
1,2,D_6,IS,Dormant,High Humidity,15,IC,213
1,2,D_6,IS,Dormant,High Humidity,16,OC,278
1,2,D_6,IS,Dormant,High Humidity,17,OC,105
1,2,D_6,IS,Dormant,High Humidity,18,OC,18
1,2,D_6,IS,Dormant,High Humidity,19,OC,38
1,2,D_6,IS,Dormant,High Humidity,20,OC,133
2,2,D_6,IS,Dormant,High Humidity,10,blue-orange,5
2,2,D_6,IS,Dormant,High Humidity,11,green-orange,1
2,2,D_6,IS,Dormant,High Humidity,12,blue-yellow,2
2,2,D_6,IS,Dormant,High Humidity,13,green-yellow,2
2,2,D_6,IS,Dormant,High Humidity,15,purple-orange,2
2,2,D_6,IS,Dormant,High Humidity,17,purple-yellow,9
2,2,D_6,IS,Dormant,High Humidity,19,yellow-orange,6
2,2,D_6,IS,Dormant,High Humidity,20,yellow-pink,3
2,2,D_6,IS,Dormant,High Humidity,21,unmarked,21
2,2,D_6,IS,Dormant,High Humidity,22,unmarked,27
2,2,D_6,IS,Dormant,High Humidity,23,unmarked,3
2,2,D_6,IS,Dormant,High Humidity,1,pink,0
2,2,D_6,IS,Dormant,High Humidity,2,yellow,0
2,2,D_6,IS,Dormant,High Humidity,3,blue,0
2,2,D_6,IS,Dormant,High Humidity,4,purple,0
2,2,D_6,IS,Dormant,High Humidity,5,green,0
2,2,D_6,IS,Dormant,High Humidity,6,blue-green,0
2,2,D_6,IS,Dormant,High Humidity,7.1,green-purple,0
2,2,D_6,IS,Dormant,High Humidity,7.2,green-purple,0
2,2,D_6,IS,Dormant,High Humidity,8,purple-pink,0
2,2,D_6,IS,Dormant,High Humidity,9,blue-pink,0
2,2,D_6,IS,Dormant,High Humidity,11.1,green-orange,0
2,2,D_6,IS,Dormant,High Humidity,14.1,green-pink,0
2,2,D_6,IS,Dormant,High Humidity,14.2,green-pink,0
2,2,D_6,IS,Dormant,High Humidity,16,blue-purple,0
2,2,D_6,IS,Dormant,High Humidity,18,green-orange,0
1,2,D_8,IS,Non-Dormant,Litter,1,blue,322
1,2,D_8,IS,Non-Dormant,Litter,2,pink,18
1,2,D_8,IS,Non-Dormant,Litter,3,OC,55
1,2,D_8,IS,Non-Dormant,Litter,4,OC,61
1,2,D_8,IS,Non-Dormant,Litter,5,OC,9
1,2,D_8,IS,Non-Dormant,Litter,6,OC,112
1,2,D_8,IS,Non-Dormant,Litter,7,OC,176
1,2,D_8,IS,Non-Dormant,Litter,8,OC,7
1,2,D_8,IS,Non-Dormant,Litter,9,OC,10
1,2,D_8,IS,Non-Dormant,Litter,10,OC,45
1,2,D_8,IS,Non-Dormant,Litter,11,OC,242
1,2,D_8,IS,Non-Dormant,Litter,NA,NA,0
1,2,D_8,IS,Non-Dormant,Litter,NA,NA,0
1,2,D_8,IS,Non-Dormant,Litter,NA,NA,0
2,2,D_8,IS,Non-Dormant,Litter,1,green,13
2,2,D_8,IS,Non-Dormant,Litter,2,pink,51
2,2,D_8,IS,Non-Dormant,Litter,3,blue,5
2,2,D_8,IS,Non-Dormant,Litter,5,yellow,4
2,2,D_8,IS,Non-Dormant,Litter,6,purple,8
2,2,D_8,IS,Non-Dormant,Litter,7,unmarked,3
2,2,D_8,IS,Non-Dormant,Litter,8,unmarked,3
2,2,D_8,IS,Non-Dormant,Litter,9,unmarked,2
2,2,D_8,IS,Non-Dormant,Litter,10,unmarked,6
2,2,D_8,IS,Non-Dormant,Litter,11,unmarked,8
2,2,D_8,IS,Non-Dormant,Litter,12,unmarked,6
2,2,D_8,IS,Non-Dormant,Litter,13,unmarked,4
2,2,D_8,IS,Non-Dormant,Litter,14,unmarked,4
2,2,D_8,IS,Non-Dormant,Litter,15,unmarked,2
2,2,D_8,IS,Non-Dormant,Litter,16,unmarked,9
2,2,D_8,IS,Non-Dormant,Litter,17,unmarked,22
2,2,D_8,IS,Non-Dormant,Litter,18,unmarked,5
2,2,D_8,IS,Non-Dormant,Litter,4,orange,0
1,2,E_7,IS,Dormant,Litter,1,OC,2
1,2,E_7,IS,Dormant,Litter,2,OC,11
1,2,E_7,IS,Dormant,Litter,3,OC,2
1,2,E_7,IS,Dormant,Litter,4,OC,2
1,2,E_7,IS,Dormant,Litter,5,OC,18
1,2,E_7,IS,Dormant,Litter,6,OC,137
1,2,E_7,IS,Dormant,Litter,7,OC,21
1,2,E_7,IS,Dormant,Litter,8,OC,17
1,2,E_7,IS,Dormant,Litter,9,OC,159
1,2,E_7,IS,Dormant,Litter,NA,NA,0
1,2,E_7,IS,Dormant,Litter,NA,NA,0
1,2,E_7,IS,Dormant,Litter,NA,NA,0
1,2,E_7,IS,Dormant,Litter,NA,NA,0
1,2,E_7,IS,Dormant,Litter,NA,NA,0
1,2,E_7,IS,Dormant,Litter,NA,NA,0
1,2,E_7,IS,Dormant,Litter,NA,NA,0
1,2,E_7,IS,Dormant,Litter,NA,NA,0
1,2,E_7,IS,Dormant,Litter,NA,NA,0
2,2,E_7,IS,Dormant,Litter,NA,NA,0
2,2,E_7,IS,Dormant,Litter,NA,NA,0
2,2,E_7,IS,Dormant,Litter,NA,NA,0
2,2,E_7,IS,Dormant,Litter,NA,NA,0
2,2,E_7,IS,Dormant,Litter,NA,NA,0
2,2,E_7,IS,Dormant,Litter,NA,NA,0
2,2,E_7,IS,Dormant,Litter,NA,NA,0
2,2,E_7,IS,Dormant,Litter,NA,NA,0
2,2,E_7,IS,Dormant,Litter,NA,NA,0
2,2,E_7,IS,Dormant,Litter,NA,NA,0
2,2,E_7,IS,Dormant,Litter,NA,NA,0
2,2,E_7,IS,Dormant,Litter,NA,NA,0
2,2,E_7,IS,Dormant,Litter,NA,NA,0
2,2,E_7,IS,Dormant,Litter,NA,NA,0
2,2,E_7,IS,Dormant,Litter,NA,NA,0
2,2,E_7,IS,Dormant,Litter,NA,NA,0
2,2,E_7,IS,Dormant,Litter,NA,NA,0
2,2,E_7,IS,Dormant,Litter,NA,NA,0
2,2,E_7,IS,Dormant,Litter,NA,NA,0
2,2,E_7,IS,Dormant,Litter,NA,NA,0
1,2,E_8,IS,Non-Dormant,Control,NA,NA,0
1,2,E_8,IS,Non-Dormant,Control,NA,NA,0
1,2,E_8,IS,Non-Dormant,Control,NA,NA,0
1,2,E_8,IS,Non-Dormant,Control,NA,NA,0
1,2,E_8,IS,Non-Dormant,Control,NA,NA,0
1,2,E_8,IS,Non-Dormant,Control,NA,NA,0
2,2,E_8,IS,Non-Dormant,Control,NA,NA,0
2,2,E_8,IS,Non-Dormant,Control,NA,NA,0
2,2,E_8,IS,Non-Dormant,Control,NA,NA,0
2,2,E_8,IS,Non-Dormant,Control,NA,NA,0
2,2,E_8,IS,Non-Dormant,Control,NA,NA,0
2,2,E_8,IS,Non-Dormant,Control,NA,NA,0
2,2,E_8,IS,Non-Dormant,Control,NA,NA,0
2,2,E_8,IS,Non-Dormant,Control,NA,NA,0
2,2,E_8,IS,Non-Dormant,Control,NA,NA,0
2,2,E_8,IS,Non-Dormant,Control,NA,NA,0
2,2,E_8,IS,Non-Dormant,Control,NA,NA,0
2,2,E_8,IS,Non-Dormant,Control,NA,NA,0
1,2,F_6,IS,Dormant,Native Soil,1,green,81
1,2,F_6,IS,Dormant,Native Soil,2,orange,125
1,2,F_6,IS,Dormant,Native Soil,4,blue,88
1,2,F_6,IS,Dormant,Native Soil,5,yellow,60
1,2,F_6,IS,Dormant,Native Soil,6,purple,33
1,2,F_6,IS,Dormant,Native Soil,7,pink-green,4
1,2,F_6,IS,Dormant,Native Soil,8,blue-yellow,79
1,2,F_6,IS,Dormant,Native Soil,9,purple-orange,2
1,2,F_6,IS,Dormant,Native Soil,10,pink-yellow,16
1,2,F_6,IS,Dormant,Native Soil,11,orange-blue,91
1,2,F_6,IS,Dormant,Native Soil,12,IC,11
1,2,F_6,IS,Dormant,Native Soil,13,IC,10
1,2,F_6,IS,Dormant,Native Soil,14,IC,4
1,2,F_6,IS,Dormant,Native Soil,15,IC,9
1,2,F_6,IS,Dormant,Native Soil,16,IC,19
1,2,F_6,IS,Dormant,Native Soil,17,IC,60
1,2,F_6,IS,Dormant,Native Soil,18,IC,12
1,2,F_6,IS,Dormant,Native Soil,19,IC,15
1,2,F_6,IS,Dormant,Native Soil,20,IC,210
1,2,F_6,IS,Dormant,Native Soil,3,pink,0
2,2,F_6,IS,Dormant,Native Soil,1,pink,1
2,2,F_6,IS,Dormant,Native Soil,2,green,7
2,2,F_6,IS,Dormant,Native Soil,5,orange,1
2,2,F_6,IS,Dormant,Native Soil,6,unmarked,5
2,2,F_6,IS,Dormant,Native Soil,3,yellow,0
2,2,F_6,IS,Dormant,Native Soil,4,blue,0
2,2,F_6,IS,Dormant,Native Soil,NA,NA,NA
2,2,F_6,IS,Dormant,Native Soil,NA,NA,NA
2,2,F_6,IS,Dormant,Native Soil,NA,NA,0
2,2,F_6,IS,Dormant,Native Soil,NA,NA,0
2,2,F_6,IS,Dormant,Native Soil,NA,NA,0
2,2,F_6,IS,Dormant,Native Soil,NA,NA,0
2,2,F_6,IS,Dormant,Native Soil,NA,NA,0
2,2,F_6,IS,Dormant,Native Soil,NA,NA,0
2,2,F_6,IS,Dormant,Native Soil,NA,NA,0
2,2,F_6,IS,Dormant,Native Soil,NA,NA,0
2,2,F_6,IS,Dormant,Native Soil,NA,NA,0
2,2,F_6,IS,Dormant,Native Soil,NA,NA,0
2,2,F_6,IS,Dormant,Native Soil,NA,NA,0
2,2,F_6,IS,Dormant,Native Soil,NA,NA,0
1,2,F_8,IS,Non-Dormant,Native Soil,1,yellow,13
1,2,F_8,IS,Non-Dormant,Native Soil,2,pink,221
1,2,F_8,IS,Non-Dormant,Native Soil,3,blue,66
1,2,F_8,IS,Non-Dormant,Native Soil,4,green,83
1,2,F_8,IS,Non-Dormant,Native Soil,5,orange,64
1,2,F_8,IS,Non-Dormant,Native Soil,6,IC,71
1,2,F_8,IS,Non-Dormant,Native Soil,7,IC,20
1,2,F_8,IS,Non-Dormant,Native Soil,8,IC,41
1,2,F_8,IS,Non-Dormant,Native Soil,9,IC,4
1,2,F_8,IS,Non-Dormant,Native Soil,10,IC,6
1,2,F_8,IS,Non-Dormant,Native Soil,11,IC,166
1,2,F_8,IS,Non-Dormant,Native Soil,12,IC,36
1,2,F_8,IS,Non-Dormant,Native Soil,13,IC,245
1,2,F_8,IS,Non-Dormant,Native Soil,14,IC,106
1,2,F_8,IS,Non-Dormant,Native Soil,15,IC,171
1,2,F_8,IS,Non-Dormant,Native Soil,16,IC,268
1,2,F_8,IS,Non-Dormant,Native Soil,17,IC,10
1,2,F_8,IS,Non-Dormant,Native Soil,18,IC,34
1,2,F_8,IS,Non-Dormant,Native Soil,19,IC,100
1,2,F_8,IS,Non-Dormant,Native Soil,20,IC,102
2,2,F_8,IS,Non-Dormant,Native Soil,NA,NA,NA
2,2,F_8,IS,Non-Dormant,Native Soil,NA,NA,0
2,2,F_8,IS,Non-Dormant,Native Soil,NA,NA,0
2,2,F_8,IS,Non-Dormant,Native Soil,NA,NA,0
2,2,F_8,IS,Non-Dormant,Native Soil,NA,NA,0
2,2,F_8,IS,Non-Dormant,Native Soil,NA,NA,0
2,2,F_8,IS,Non-Dormant,Native Soil,NA,NA,0
2,2,F_8,IS,Non-Dormant,Native Soil,NA,NA,0
2,2,F_8,IS,Non-Dormant,Native Soil,NA,NA,0
2,2,F_8,IS,Non-Dormant,Native Soil,NA,NA,0
2,2,F_8,IS,Non-Dormant,Native Soil,NA,NA,0
2,2,F_8,IS,Non-Dormant,Native Soil,NA,NA,0
2,2,F_8,IS,Non-Dormant,Native Soil,NA,NA,0
2,2,F_8,IS,Non-Dormant,Native Soil,NA,NA,0
2,2,F_8,IS,Non-Dormant,Native Soil,NA,NA,0
2,2,F_8,IS,Non-Dormant,Native Soil,NA,NA,0
2,2,F_8,IS,Non-Dormant,Native Soil,NA,NA,0
2,2,F_8,IS,Non-Dormant,Native Soil,NA,NA,0
2,2,F_8,IS,Non-Dormant,Native Soil,NA,NA,0
2,2,F_8,IS,Non-Dormant,Native Soil,NA,NA,0
1,3,A_10,IS,Non-Dormant,Litter,2,blue,0
1,3,A_10,IS,Non-Dormant,Litter,NA,NA,0
1,3,A_10,IS,Non-Dormant,Litter,NA,NA,0
1,3,A_10,IS,Non-Dormant,Litter,NA,NA,0
1,3,A_9,IS,Dormant,Native Soil,1,pink,516
1,3,A_9,IS,Dormant,Native Soil,2,yellow,362
1,3,A_9,IS,Dormant,Native Soil,4,green,6
1,3,A_9,IS,Dormant,Native Soil,5,purple,70
1,3,A_9,IS,Dormant,Native Soil,6,blue,18
1,3,A_9,IS,Dormant,Native Soil,7,IC,94
1,3,A_9,IS,Dormant,Native Soil,8,IC,13
1,3,A_9,IS,Dormant,Native Soil,9,IC,4
1,3,A_9,IS,Dormant,Native Soil,10,IC,14
1,3,A_9,IS,Dormant,Native Soil,11,IC,110
1,3,A_9,IS,Dormant,Native Soil,12,IC,8
1,3,A_9,IS,Dormant,Native Soil,13,IC,22
1,3,A_9,IS,Dormant,Native Soil,14,IC,14
1,3,A_9,IS,Dormant,Native Soil,15,IC,5
1,3,A_9,IS,Dormant,Native Soil,16,IC,25
1,3,A_9,IS,Dormant,Native Soil,17,IC,18
1,3,A_9,IS,Dormant,Native Soil,18,IC,6
1,3,A_9,IS,Dormant,Native Soil,19,IC,28
1,3,A_9,IS,Dormant,Native Soil,20,OC,188
1,3,A_9,IS,Dormant,Native Soil,3,orange,0
2,3,A_9,IS,Dormant,Native Soil,1,purple,1
2,3,A_9,IS,Dormant,Native Soil,2,pink,3
2,3,A_9,IS,Dormant,Native Soil,4,green,3
2,3,A_9,IS,Dormant,Native Soil,5,orange,7
2,3,A_9,IS,Dormant,Native Soil,10,purple-orange,13
2,3,A_9,IS,Dormant,Native Soil,11,purple-yellow,13
2,3,A_9,IS,Dormant,Native Soil,12,pink-blue,5
2,3,A_9,IS,Dormant,Native Soil,13,pink-green,6
2,3,A_9,IS,Dormant,Native Soil,14,pink-yellow,1
2,3,A_9,IS,Dormant,Native Soil,15,orange-blue,2
2,3,A_9,IS,Dormant,Native Soil,17,blue-green,4
2,3,A_9,IS,Dormant,Native Soil,18,unmarked,3
2,3,A_9,IS,Dormant,Native Soil,19,unmarked,7
2,3,A_9,IS,Dormant,Native Soil,20,unmarked,11
2,3,A_9,IS,Dormant,Native Soil,2.1,pink,0
2,3,A_9,IS,Dormant,Native Soil,3,blue,0
2,3,A_9,IS,Dormant,Native Soil,6,yellow,0
2,3,A_9,IS,Dormant,Native Soil,7,purple-pink,0
2,3,A_9,IS,Dormant,Native Soil,8,purple-blue,0
2,3,A_9,IS,Dormant,Native Soil,9,purple-green,0
1,3,B_11,IS,Non-Dormant,Native Soil,1,green,12
1,3,B_11,IS,Non-Dormant,Native Soil,2,yellow,2
1,3,B_11,IS,Non-Dormant,Native Soil,3,purple,8
1,3,B_11,IS,Non-Dormant,Native Soil,4,pink,2
1,3,B_11,IS,Non-Dormant,Native Soil,5,IC,27
1,3,B_11,IS,Non-Dormant,Native Soil,6,IC,10
1,3,B_11,IS,Non-Dormant,Native Soil,7,IC,8
1,3,B_11,IS,Non-Dormant,Native Soil,8,IC,7
1,3,B_11,IS,Non-Dormant,Native Soil,9,IC,4
1,3,B_11,IS,Non-Dormant,Native Soil,10,IC,5
1,3,B_11,IS,Non-Dormant,Native Soil,11,IC,4
1,3,B_11,IS,Non-Dormant,Native Soil,12,IC,14
1,3,B_11,IS,Non-Dormant,Native Soil,13,IC,4
1,3,B_11,IS,Non-Dormant,Native Soil,14,IC,53
1,3,B_11,IS,Non-Dormant,Native Soil,15,IC,10
1,3,B_11,IS,Non-Dormant,Native Soil,16,IC,16
1,3,B_11,IS,Non-Dormant,Native Soil,17,OC,17
1,3,B_11,IS,Non-Dormant,Native Soil,18,OC,79
1,3,B_11,IS,Non-Dormant,Native Soil,19,OC,33
1,3,B_11,IS,Non-Dormant,Native Soil,20,OC,51
2,3,B_11,IS,Non-Dormant,Native Soil,NA,NA,0
2,3,B_11,IS,Non-Dormant,Native Soil,NA,NA,0
1,3,B_12,IS,Mixed,Native Soil,2,green,4
1,3,B_12,IS,Mixed,Native Soil,3,purple,8
1,3,B_12,IS,Mixed,Native Soil,5,yellow,4
1,3,B_12,IS,Mixed,Native Soil,6,IC,5
1,3,B_12,IS,Mixed,Native Soil,7,IC,7
1,3,B_12,IS,Mixed,Native Soil,8,IC,3
1,3,B_12,IS,Mixed,Native Soil,9,IC,11
1,3,B_12,IS,Mixed,Native Soil,10,IC,5
1,3,B_12,IS,Mixed,Native Soil,11,IC,3
1,3,B_12,IS,Mixed,Native Soil,12,IC,23
1,3,B_12,IS,Mixed,Native Soil,13,IC,8
1,3,B_12,IS,Mixed,Native Soil,14,IC,45
1,3,B_12,IS,Mixed,Native Soil,15,IC,9
1,3,B_12,IS,Mixed,Native Soil,16,IC,15
1,3,B_12,IS,Mixed,Native Soil,17,IC,16
1,3,B_12,IS,Mixed,Native Soil,18,IC,7
1,3,B_12,IS,Mixed,Native Soil,19,IC,5
1,3,B_12,IS,Mixed,Native Soil,20,OC,62
1,3,B_12,IS,Mixed,Native Soil,1,blue,0
1,3,B_12,IS,Mixed,Native Soil,2.1,green,0
2,3,B_12,IS,Mixed,Native Soil,NA,NA,0
2,3,B_12,IS,Mixed,Native Soil,NA,NA,0
1,3,C_10,IS,Dormant,High Humidity,2,yellow,33
1,3,C_10,IS,Dormant,High Humidity,3,OC,71
1,3,C_10,IS,Dormant,High Humidity,4,OC,554
1,3,C_10,IS,Dormant,High Humidity,1,purple,0
1,3,C_10,IS,Dormant,High Humidity,NA,NA,NA
1,3,C_10,IS,Dormant,High Humidity,NA,NA,NA
1,3,C_10,IS,Dormant,High Humidity,NA,NA,NA
1,3,C_10,IS,Dormant,High Humidity,NA,NA,NA
1,3,C_10,IS,Dormant,High Humidity,NA,NA,0
1,3,C_10,IS,Dormant,High Humidity,NA,NA,0
1,3,C_10,IS,Dormant,High Humidity,NA,NA,0
1,3,C_10,IS,Dormant,High Humidity,NA,NA,0
1,3,C_10,IS,Dormant,High Humidity,NA,NA,0
1,3,C_10,IS,Dormant,High Humidity,NA,NA,0
1,3,C_10,IS,Dormant,High Humidity,NA,NA,0
1,3,C_10,IS,Dormant,High Humidity,NA,NA,0
1,3,C_10,IS,Dormant,High Humidity,NA,NA,0
1,3,C_10,IS,Dormant,High Humidity,NA,NA,0
1,3,C_10,IS,Dormant,High Humidity,NA,NA,0
1,3,C_10,IS,Dormant,High Humidity,NA,NA,0
1,3,C_10,IS,Dormant,High Humidity,NA,NA,0
1,3,C_10,IS,Dormant,High Humidity,NA,NA,0
1,3,C_10,IS,Dormant,High Humidity,NA,NA,0
1,3,C_10,IS,Dormant,High Humidity,NA,NA,0
2,3,C_10,IS,Dormant,High Humidity,6,green,3
2,3,C_10,IS,Dormant,High Humidity,7,purple-yellow,2
2,3,C_10,IS,Dormant,High Humidity,11,orange-green,7
2,3,C_10,IS,Dormant,High Humidity,12,orange-blue,4
2,3,C_10,IS,Dormant,High Humidity,13,orange-purple,2
2,3,C_10,IS,Dormant,High Humidity,14,orange-pink,7
2,3,C_10,IS,Dormant,High Humidity,16,blue-pink,4
2,3,C_10,IS,Dormant,High Humidity,18,blue-yellow,1
2,3,C_10,IS,Dormant,High Humidity,19,pink-yellow,2
2,3,C_10,IS,Dormant,High Humidity,20,pink-purple,4
2,3,C_10,IS,Dormant,High Humidity,1,yellow,0
2,3,C_10,IS,Dormant,High Humidity,2,purple ,0
2,3,C_10,IS,Dormant,High Humidity,4,pink,0
2,3,C_10,IS,Dormant,High Humidity,5,blue,0
2,3,C_10,IS,Dormant,High Humidity,8,green-yellow,0
2,3,C_10,IS,Dormant,High Humidity,9,orange-yellow,0
2,3,C_10,IS,Dormant,High Humidity,10,purple-green,0
1,3,C_13,IS,Mixed,High Humidity,1,OC,26
1,3,C_13,IS,Mixed,High Humidity,2,OC,30
1,3,C_13,IS,Mixed,High Humidity,3,OC,62
1,3,C_13,IS,Mixed,High Humidity,4,OC,80
1,3,C_13,IS,Mixed,High Humidity,5,OC,31
2,3,C_9,IS,Mixed,Control,1,unmarked,28
2,3,C_9,IS,Mixed,Control,NA,NA,0
1,3,D_10,IS,Mixed,Litter,1,orange,0
1,3,D_10,IS,Mixed,Litter,2,blue,0
1,3,D_10,IS,Mixed,Litter,NA,NA,NA
1,3,D_10,IS,Mixed,Litter,NA,NA,NA
1,3,D_10,IS,Mixed,Litter,NA,NA,0
1,3,D_10,IS,Mixed,Litter,NA,NA,0
1,3,D_10,IS,Mixed,Litter,NA,NA,0
1,3,D_10,IS,Mixed,Litter,NA,NA,0
1,3,D_10,IS,Mixed,Litter,NA,NA,0
2,3,D_10,IS,Mixed,Litter,NA,NA,0
2,3,D_10,IS,Mixed,Litter,NA,NA,0
2,3,D_10,IS,Mixed,Litter,NA,NA,0
2,3,D_10,IS,Mixed,Litter,NA,NA,0
2,3,D_10,IS,Mixed,Litter,NA,NA,0
2,3,D_10,IS,Mixed,Litter,NA,NA,0
2,3,D_10,IS,Mixed,Litter,NA,NA,0
2,3,D_10,IS,Mixed,Litter,NA,NA,0
2,3,D_10,IS,Mixed,Litter,NA,NA,0
2,3,D_10,IS,Mixed,Litter,NA,NA,0
2,3,D_10,IS,Mixed,Litter,NA,NA,0
2,3,D_10,IS,Mixed,Litter,NA,NA,0
2,3,D_10,IS,Mixed,Litter,NA,NA,0
2,3,D_10,IS,Mixed,Litter,NA,NA,0
2,3,D_10,IS,Mixed,Litter,NA,NA,0
2,3,D_10,IS,Mixed,Litter,NA,NA,0
2,3,D_10,IS,Mixed,Litter,NA,NA,0
2,3,D_10,IS,Mixed,Litter,NA,NA,0
2,3,D_10,IS,Mixed,Litter,NA,NA,0
2,3,D_10,IS,Mixed,Litter,NA,NA,0
1,3,D_13,IS,Dormant,Control,1,yellow,21
1,3,D_13,IS,Dormant,Control,2,OC,80
1,3,D_13,IS,Dormant,Control,3,OC,135
1,3,D_13,IS,Dormant,Control,4,OC,22
1,3,D_13,IS,Dormant,Control,5,OC,83
1,3,D_13,IS,Dormant,Control,6,OC,25
1,3,D_13,IS,Dormant,Control,7,OC,62
2,3,D_13,IS,Dormant,Control,NA,NA,0
2,3,D_13,IS,Dormant,Control,NA,NA,0
1,3,D_9,IS,Non-Dormant,Control,2,IC,5
1,3,D_9,IS,Non-Dormant,Control,3,IC,2
1,3,D_9,IS,Non-Dormant,Control,4,OC,110
1,3,D_9,IS,Non-Dormant,Control,5,OC,339
1,3,D_9,IS,Non-Dormant,Control,6,OC,320
1,3,D_9,IS,Non-Dormant,Control,1,yellow,0
1,3,D_9,IS,Non-Dormant,Control,NA,NA,NA
1,3,D_9,IS,Non-Dormant,Control,NA,NA,NA
1,3,D_9,IS,Non-Dormant,Control,NA,NA,0
1,3,D_9,IS,Non-Dormant,Control,NA,NA,0
1,3,D_9,IS,Non-Dormant,Control,NA,NA,0
1,3,D_9,IS,Non-Dormant,Control,NA,NA,0
1,3,D_9,IS,Non-Dormant,Control,NA,NA,0
1,3,D_9,IS,Non-Dormant,Control,NA,NA,0
1,3,D_9,IS,Non-Dormant,Control,NA,NA,0
1,3,D_9,IS,Non-Dormant,Control,NA,NA,0
1,3,D_9,IS,Non-Dormant,Control,NA,NA,0
1,3,D_9,IS,Non-Dormant,Control,NA,NA,0
1,3,D_9,IS,Non-Dormant,Control,NA,NA,0
1,3,D_9,IS,Non-Dormant,Control,NA,NA,0
2,3,D_9,IS,Non-Dormant,Control,6,yellow,14
2,3,D_9,IS,Non-Dormant,Control,7,purple-pink,9
2,3,D_9,IS,Non-Dormant,Control,8,blue-green,13
2,3,D_9,IS,Non-Dormant,Control,12,pink-yellow,8
2,3,D_9,IS,Non-Dormant,Control,13,orange-blue,4
2,3,D_9,IS,Non-Dormant,Control,14,orange-purple,5
2,3,D_9,IS,Non-Dormant,Control,15,purple-green,3
2,3,D_9,IS,Non-Dormant,Control,16,purple-yellow,5
2,3,D_9,IS,Non-Dormant,Control,17,pink-blue,3
2,3,D_9,IS,Non-Dormant,Control,18,pink-orange,13
2,3,D_9,IS,Non-Dormant,Control,19,blue-yellow,8
2,3,D_9,IS,Non-Dormant,Control,20,green-orange,5
2,3,D_9,IS,Non-Dormant,Control,2,pink,0
2,3,D_9,IS,Non-Dormant,Control,3,blue,0
2,3,D_9,IS,Non-Dormant,Control,4,green,0
2,3,D_9,IS,Non-Dormant,Control,5,orange,0
2,3,D_9,IS,Non-Dormant,Control,9,orange-yellow,0
2,3,D_9,IS,Non-Dormant,Control,10,purple-blue,0
2,3,D_9,IS,Non-Dormant,Control,11.1,pink-green,0
2,3,D_9,IS,Non-Dormant,Control,11.2,pink-green,0
1,3,E_13,IS,Non-Dormant,High Humidity,NA,NA,0
1,3,E_13,IS,Non-Dormant,High Humidity,NA,NA,0
1,3,E_13,IS,Non-Dormant,High Humidity,NA,NA,0
1,3,E_13,IS,Non-Dormant,High Humidity,NA,NA,0
1,3,E_13,IS,Non-Dormant,High Humidity,NA,NA,0
1,3,E_13,IS,Non-Dormant,High Humidity,NA,NA,0
1,3,E_13,IS,Non-Dormant,High Humidity,NA,NA,0
1,3,E_13,IS,Non-Dormant,High Humidity,NA,NA,0
1,3,E_13,IS,Non-Dormant,High Humidity,NA,NA,0
1,3,E_13,IS,Non-Dormant,High Humidity,NA,NA,0
1,3,E_13,IS,Non-Dormant,High Humidity,NA,NA,0
1,3,E_13,IS,Non-Dormant,High Humidity,NA,NA,0
1,3,E_13,IS,Non-Dormant,High Humidity,NA,NA,0
1,3,E_13,IS,Non-Dormant,High Humidity,NA,NA,0
1,3,E_13,IS,Non-Dormant,High Humidity,NA,NA,0
1,3,E_13,IS,Non-Dormant,High Humidity,NA,NA,0
1,3,E_13,IS,Non-Dormant,High Humidity,NA,NA,0
1,3,E_13,IS,Non-Dormant,High Humidity,NA,NA,0
1,3,E_13,IS,Non-Dormant,High Humidity,NA,NA,0
1,3,E_13,IS,Non-Dormant,High Humidity,NA,NA,0
2,3,E_13,IS,Non-Dormant,High Humidity,NA,NA,0
2,3,E_13,IS,Non-Dormant,High Humidity,NA,NA,0
2,3,E_13,IS,Non-Dormant,High Humidity,NA,NA,0
2,3,E_13,IS,Non-Dormant,High Humidity,NA,NA,0
2,3,E_13,IS,Non-Dormant,High Humidity,NA,NA,0
2,3,E_13,IS,Non-Dormant,High Humidity,NA,NA,0
2,3,E_13,IS,Non-Dormant,High Humidity,NA,NA,0
2,3,E_13,IS,Non-Dormant,High Humidity,NA,NA,0
2,3,E_13,IS,Non-Dormant,High Humidity,NA,NA,0
2,3,E_13,IS,Non-Dormant,High Humidity,NA,NA,0
2,3,E_13,IS,Non-Dormant,High Humidity,NA,NA,0
2,3,E_13,IS,Non-Dormant,High Humidity,NA,NA,0
2,3,E_13,IS,Non-Dormant,High Humidity,NA,NA,0
2,3,E_13,IS,Non-Dormant,High Humidity,NA,NA,0
2,3,E_13,IS,Non-Dormant,High Humidity,NA,NA,0
2,3,E_13,IS,Non-Dormant,High Humidity,NA,NA,0
2,3,E_13,IS,Non-Dormant,High Humidity,NA,NA,0
2,3,E_13,IS,Non-Dormant,High Humidity,NA,NA,0
2,3,E_13,IS,Non-Dormant,High Humidity,NA,NA,0
2,3,E_13,IS,Non-Dormant,High Humidity,NA,NA,0
1,4,E_1,IS,Non-Dormant,Native Soil,1,orange,22
1,4,E_1,IS,Non-Dormant,Native Soil,2,pink,16
1,4,E_1,IS,Non-Dormant,Native Soil,3,yellow,22
1,4,E_1,IS,Non-Dormant,Native Soil,4,purple,9
1,4,E_1,IS,Non-Dormant,Native Soil,5,green,8
1,4,E_1,IS,Non-Dormant,Native Soil,6,blue,8
1,4,E_1,IS,Non-Dormant,Native Soil,7,purple-orange,12
1,4,E_1,IS,Non-Dormant,Native Soil,8,purple-pink,27
1,4,E_1,IS,Non-Dormant,Native Soil,9,green-orange,37
1,4,E_1,IS,Non-Dormant,Native Soil,10,yellow-blue,3
1,4,E_1,IS,Non-Dormant,Native Soil,11,IC,24
1,4,E_1,IS,Non-Dormant,Native Soil,12,IC,15
1,4,E_1,IS,Non-Dormant,Native Soil,13,IC,6
1,4,E_1,IS,Non-Dormant,Native Soil,14,IC,12
1,4,E_1,IS,Non-Dormant,Native Soil,15,IC,18
1,4,E_1,IS,Non-Dormant,Native Soil,16,IC,4
1,4,E_1,IS,Non-Dormant,Native Soil,17,IC,16
1,4,E_1,IS,Non-Dormant,Native Soil,18,IC,9
1,4,E_1,IS,Non-Dormant,Native Soil,19,IC,13
1,4,E_1,IS,Non-Dormant,Native Soil,20,IC,10
2,4,E_1,IS,Non-Dormant,Native Soil,1,unmarked,11
2,4,E_1,IS,Non-Dormant,Native Soil,2,unmarked,3
2,4,E_1,IS,Non-Dormant,Native Soil,3,unmarked,3
2,4,E_1,IS,Non-Dormant,Native Soil,4,unmarked,1
2,4,E_1,IS,Non-Dormant,Native Soil,5,unmarked,2
2,4,E_1,IS,Non-Dormant,Native Soil,6,unmarked,12
2,4,E_1,IS,Non-Dormant,Native Soil,7,unmarked,2
2,4,E_1,IS,Non-Dormant,Native Soil,8,unmarked,3
2,4,E_1,IS,Non-Dormant,Native Soil,9,unmarked,1
2,4,E_1,IS,Non-Dormant,Native Soil,10,unmarked,6
1,4,E_2,IS,Mixed,Control,3,blue,6
1,4,E_2,IS,Mixed,Control,4,IC,29
1,4,E_2,IS,Mixed,Control,5,IC,93
1,4,E_2,IS,Mixed,Control,6,OC,35
1,4,E_2,IS,Mixed,Control,7,OC,301
1,4,E_2,IS,Mixed,Control,8,OC,9
1,4,E_2,IS,Mixed,Control,9,OC,57
1,4,E_2,IS,Mixed,Control,10,OC,207
1,4,E_2,IS,Mixed,Control,11,OC,25
1,4,E_2,IS,Mixed,Control,12,OC,57
1,4,E_2,IS,Mixed,Control,13,OC,14
1,4,E_2,IS,Mixed,Control,14,OC,12
1,4,E_2,IS,Mixed,Control,15,OC,8
1,4,E_2,IS,Mixed,Control,16,OC,57
1,4,E_2,IS,Mixed,Control,17,OC,438
1,4,E_2,IS,Mixed,Control,1.1,purple,0
1,4,E_2,IS,Mixed,Control,1.2,purple,0
1,4,E_2,IS,Mixed,Control,2.2,yellow,0
1,4,E_2,IS,Mixed,Control,2.3,yellow,0
1,4,E_2,IS,Mixed,Control,3.1,blue,0
1,4,E_2,IS,Mixed,Control,3.2,blue,0
2,4,E_2,IS,Mixed,Control,1,unmarked,0
2,4,E_2,IS,Mixed,Control,2,unmarked,1
2,4,E_2,IS,Mixed,Control,3,unmarked,3
2,4,E_2,IS,Mixed,Control,NA,NA,0
2,4,E_2,IS,Mixed,Control,NA,NA,0
2,4,E_2,IS,Mixed,Control,NA,NA,0
2,4,E_2,IS,Mixed,Control,NA,NA,0
2,4,E_2,IS,Mixed,Control,NA,NA,0
2,4,E_2,IS,Mixed,Control,NA,NA,0
2,4,E_2,IS,Mixed,Control,NA,NA,0
2,4,E_2,IS,Mixed,Control,NA,NA,0
2,4,E_2,IS,Mixed,Control,NA,NA,0
2,4,E_2,IS,Mixed,Control,NA,NA,0
2,4,E_2,IS,Mixed,Control,NA,NA,0
2,4,E_2,IS,Mixed,Control,NA,NA,0
2,4,E_2,IS,Mixed,Control,NA,NA,0
2,4,E_2,IS,Mixed,Control,NA,NA,0
2,4,E_2,IS,Mixed,Control,NA,NA,0
2,4,E_2,IS,Mixed,Control,NA,NA,0
2,4,E_2,IS,Mixed,Control,NA,NA,0
1,4,E_3,IS,Non-Dormant,Control,2,IC,279
1,4,E_3,IS,Non-Dormant,Control,1,green,0
1,4,E_3,IS,Non-Dormant,Control,NA,NA,0
1,4,E_3,IS,Non-Dormant,Control,NA,NA,0
1,4,E_3,IS,Non-Dormant,Control,NA,NA,0
1,4,E_3,IS,Non-Dormant,Control,NA,NA,0
1,4,E_3,IS,Non-Dormant,Control,NA,NA,0
1,4,E_3,IS,Non-Dormant,Control,NA,NA,0
1,4,E_3,IS,Non-Dormant,Control,NA,NA,0
1,4,E_3,IS,Non-Dormant,Control,NA,NA,0
1,4,E_3,IS,Non-Dormant,Control,NA,NA,0
1,4,E_3,IS,Non-Dormant,Control,NA,NA,0
1,4,E_3,IS,Non-Dormant,Control,NA,NA,0
1,4,E_3,IS,Non-Dormant,Control,NA,NA,0
1,4,E_3,IS,Non-Dormant,Control,NA,NA,0
1,4,E_3,IS,Non-Dormant,Control,NA,NA,0
1,4,E_3,IS,Non-Dormant,Control,NA,NA,0
1,4,E_3,IS,Non-Dormant,Control,NA,NA,0
1,4,E_3,IS,Non-Dormant,Control,NA,NA,0
1,4,E_3,IS,Non-Dormant,Control,NA,NA,0
2,4,E_3,IS,Non-Dormant,Control,NA,NA,0
2,4,E_3,IS,Non-Dormant,Control,NA,NA,0
2,4,E_3,IS,Non-Dormant,Control,NA,NA,0
2,4,E_3,IS,Non-Dormant,Control,NA,NA,0
2,4,E_3,IS,Non-Dormant,Control,NA,NA,0
2,4,E_3,IS,Non-Dormant,Control,NA,NA,0
2,4,E_3,IS,Non-Dormant,Control,NA,NA,0
2,4,E_3,IS,Non-Dormant,Control,NA,NA,0
2,4,E_3,IS,Non-Dormant,Control,NA,NA,0
2,4,E_3,IS,Non-Dormant,Control,NA,NA,0
2,4,E_3,IS,Non-Dormant,Control,NA,NA,0
2,4,E_3,IS,Non-Dormant,Control,NA,NA,0
2,4,E_3,IS,Non-Dormant,Control,NA,NA,0
2,4,E_3,IS,Non-Dormant,Control,NA,NA,0
2,4,E_3,IS,Non-Dormant,Control,NA,NA,0
2,4,E_3,IS,Non-Dormant,Control,NA,NA,0
2,4,E_3,IS,Non-Dormant,Control,NA,NA,0
2,4,E_3,IS,Non-Dormant,Control,NA,NA,0
2,4,E_3,IS,Non-Dormant,Control,NA,NA,0
2,4,E_3,IS,Non-Dormant,Control,NA,NA,0
1,4,F_3,IS,Dormant,High Humidity,1,purple,419
1,4,F_3,IS,Dormant,High Humidity,2,orange,16
1,4,F_3,IS,Dormant,High Humidity,5,blue,21
1,4,F_3,IS,Dormant,High Humidity,6,pink,70
1,4,F_3,IS,Dormant,High Humidity,7,IC,28
1,4,F_3,IS,Dormant,High Humidity,8,IC,22
1,4,F_3,IS,Dormant,High Humidity,9,IC,36
1,4,F_3,IS,Dormant,High Humidity,10,IC,9
1,4,F_3,IS,Dormant,High Humidity,11,IC,35
1,4,F_3,IS,Dormant,High Humidity,12,OC,79
1,4,F_3,IS,Dormant,High Humidity,13,OC,50
1,4,F_3,IS,Dormant,High Humidity,14,OC,22
1,4,F_3,IS,Dormant,High Humidity,15,OC,153
1,4,F_3,IS,Dormant,High Humidity,16,OC,273
1,4,F_3,IS,Dormant,High Humidity,17,OC,33
1,4,F_3,IS,Dormant,High Humidity,18,OC,47
1,4,F_3,IS,Dormant,High Humidity,19,OC,28
1,4,F_3,IS,Dormant,High Humidity,20,OC,1000
1,4,F_3,IS,Dormant,High Humidity,3.1,green,0
1,4,F_3,IS,Dormant,High Humidity,4,yellow,0
2,4,F_3,IS,Dormant,High Humidity,15,yellow-orange,4
2,4,F_3,IS,Dormant,High Humidity,16,pink-blue,4
2,4,F_3,IS,Dormant,High Humidity,17,purple-yellow,5
2,4,F_3,IS,Dormant,High Humidity,18,purple,3
2,4,F_3,IS,Dormant,High Humidity,19,green,6
2,4,F_3,IS,Dormant,High Humidity,20,orange-pink,4
2,4,F_3,IS,Dormant,High Humidity,1,orange,0
2,4,F_3,IS,Dormant,High Humidity,2,yellow,0
2,4,F_3,IS,Dormant,High Humidity,3,pink,0
2,4,F_3,IS,Dormant,High Humidity,6,green-yellow,0
2,4,F_3,IS,Dormant,High Humidity,7,purple-orange,0
2,4,F_3,IS,Dormant,High Humidity,9,purple-pink,0
2,4,F_3,IS,Dormant,High Humidity,10.2,blue-yellow,0
2,4,F_3,IS,Dormant,High Humidity,11,pink-green,0
2,4,F_3,IS,Dormant,High Humidity,12,orange-green,0
2,4,F_3,IS,Dormant,High Humidity,13,purple-green,0
2,4,F_3,IS,Dormant,High Humidity,14,blue-green,0
1,4,F_4,IS,Mixed,High Humidity,1,orange,211
1,4,F_4,IS,Mixed,High Humidity,3,blue,4
1,4,F_4,IS,Mixed,High Humidity,4,purple,16
1,4,F_4,IS,Mixed,High Humidity,5,pink,51
1,4,F_4,IS,Mixed,High Humidity,6,IC,7
1,4,F_4,IS,Mixed,High Humidity,7,IC,7
1,4,F_4,IS,Mixed,High Humidity,8,IC,84
1,4,F_4,IS,Mixed,High Humidity,9,IC,13
1,4,F_4,IS,Mixed,High Humidity,10,IC,24
1,4,F_4,IS,Mixed,High Humidity,11,IC,56
1,4,F_4,IS,Mixed,High Humidity,12,IC,34
1,4,F_4,IS,Mixed,High Humidity,13,IC,32
1,4,F_4,IS,Mixed,High Humidity,14,IC,52
1,4,F_4,IS,Mixed,High Humidity,15,IC,9
1,4,F_4,IS,Mixed,High Humidity,16,IC,106
1,4,F_4,IS,Mixed,High Humidity,17,IC,55
1,4,F_4,IS,Mixed,High Humidity,18,IC,212
1,4,F_4,IS,Mixed,High Humidity,19,OC,50
1,4,F_4,IS,Mixed,High Humidity,20,OC,783
2,4,F_4,IS,Mixed,High Humidity,8,purple-pink,13
2,4,F_4,IS,Mixed,High Humidity,11,pink-yellow,4
2,4,F_4,IS,Mixed,High Humidity,12,blue,2
2,4,F_4,IS,Mixed,High Humidity,14,orange-green,15
2,4,F_4,IS,Mixed,High Humidity,15,orange-purple,49
2,4,F_4,IS,Mixed,High Humidity,16,blue-yellow,5
2,4,F_4,IS,Mixed,High Humidity,17,unmarked,4
2,4,F_4,IS,Mixed,High Humidity,18,unmarked,9
2,4,F_4,IS,Mixed,High Humidity,19,unmarked,3
2,4,F_4,IS,Mixed,High Humidity,20,unmarked,1
2,4,F_4,IS,Mixed,High Humidity,21,unmarked,4
2,4,F_4,IS,Mixed,High Humidity,22,unmarked,5
2,4,F_4,IS,Mixed,High Humidity,23,unmarked,9
2,4,F_4,IS,Mixed,High Humidity,24,unmarked,1
2,4,F_4,IS,Mixed,High Humidity,25,unmarked,2
2,4,F_4,IS,Mixed,High Humidity,26,unmarked,4
2,4,F_4,IS,Mixed,High Humidity,27,unmarked,7
2,4,F_4,IS,Mixed,High Humidity,28,unmarked,2
2,4,F_4,IS,Mixed,High Humidity,29,unmarked,3
2,4,F_4,IS,Mixed,High Humidity,30,unmarked,3
2,4,F_4,IS,Mixed,High Humidity,31,unmarked,1
2,4,F_4,IS,Mixed,High Humidity,32,unmarked,2
2,4,F_4,IS,Mixed,High Humidity,33,unmarked,3
2,4,F_4,IS,Mixed,High Humidity,34,unmarked,1
2,4,F_4,IS,Mixed,High Humidity,35,unmarked,4
1,4,G_2,IS,Dormant,Control,2,IC,14
1,4,G_2,IS,Dormant,Control,3,OC,9
1,4,G_2,IS,Dormant,Control,4,OC,256
1,4,G_2,IS,Dormant,Control,5,OC,777
1,4,G_2,IS,Dormant,Control,6,OC,7
1,4,G_2,IS,Dormant,Control,7,OC,9
1,4,G_2,IS,Dormant,Control,8,OC,87
1,4,G_2,IS,Dormant,Control,1,green,0
2,4,G_2,IS,Dormant,Control,NA,NA,0
2,4,G_2,IS,Dormant,Control,NA,NA,0
2,4,G_2,IS,Dormant,Control,NA,NA,0
2,4,G_2,IS,Dormant,Control,NA,NA,0
2,4,G_2,IS,Dormant,Control,NA,NA,0
2,4,G_2,IS,Dormant,Control,NA,NA,0
2,4,G_2,IS,Dormant,Control,NA,NA,0
2,4,G_2,IS,Dormant,Control,NA,NA,0
2,4,G_2,IS,Dormant,Control,NA,NA,0
2,4,G_2,IS,Dormant,Control,NA,NA,0
2,4,G_2,IS,Dormant,Control,NA,NA,0
2,4,G_2,IS,Dormant,Control,NA,NA,0
2,4,G_2,IS,Dormant,Control,NA,NA,0
2,4,G_2,IS,Dormant,Control,NA,NA,0
2,4,G_2,IS,Dormant,Control,NA,NA,0
2,4,G_2,IS,Dormant,Control,NA,NA,0
2,4,G_2,IS,Dormant,Control,NA,NA,0
2,4,G_2,IS,Dormant,Control,NA,NA,0
2,4,G_2,IS,Dormant,Control,NA,NA,0
2,4,G_2,IS,Dormant,Control,NA,NA,0
1,4,G_3,IS,Mixed,Litter,1,yellow,25
1,4,G_3,IS,Mixed,Litter,3,green,308
1,4,G_3,IS,Mixed,Litter,4,IC,51
1,4,G_3,IS,Mixed,Litter,5,IC,52
1,4,G_3,IS,Mixed,Litter,6,OC,19
1,4,G_3,IS,Mixed,Litter,7,OC,92
1,4,G_3,IS,Mixed,Litter,8,OC,56
1,4,G_3,IS,Mixed,Litter,9,OC,12
1,4,G_3,IS,Mixed,Litter,10,OC,50
1,4,G_3,IS,Mixed,Litter,11,OC,119
1,4,G_3,IS,Mixed,Litter,12,OC,32
1,4,G_3,IS,Mixed,Litter,13,OC,58
1,4,G_3,IS,Mixed,Litter,14,OC,44
1,4,G_3,IS,Mixed,Litter,15,OC,20
1,4,G_3,IS,Mixed,Litter,2,purple,0
1,4,G_3,IS,Mixed,Litter,NA,NA,0
1,4,G_3,IS,Mixed,Litter,NA,NA,0
1,4,G_3,IS,Mixed,Litter,NA,NA,0
1,4,G_3,IS,Mixed,Litter,NA,NA,0
1,4,G_3,IS,Mixed,Litter,NA,NA,0
2,4,G_3,IS,Mixed,Litter,0,unmarked,0
2,4,G_3,IS,Mixed,Litter,NA,NA,0
2,4,G_3,IS,Mixed,Litter,NA,NA,0
2,4,G_3,IS,Mixed,Litter,NA,NA,0
2,4,G_3,IS,Mixed,Litter,NA,NA,0
2,4,G_3,IS,Mixed,Litter,NA,NA,0
2,4,G_3,IS,Mixed,Litter,NA,NA,0
2,4,G_3,IS,Mixed,Litter,NA,NA,0
2,4,G_3,IS,Mixed,Litter,NA,NA,0
1,4,H_2,IS,Non-Dormant,Litter,NA,NA,0
1,4,H_2,IS,Non-Dormant,Litter,NA,NA,0
1,4,H_2,IS,Non-Dormant,Litter,NA,NA,0
1,4,I_1,IS,Non-Dormant,High Humidity,NA,NA,0
1,4,I_1,IS,Non-Dormant,High Humidity,NA,NA,0
1,4,I_1,IS,Non-Dormant,High Humidity,NA,NA,0
1,4,I_1,IS,Non-Dormant,High Humidity,NA,NA,0
1,4,I_1,IS,Non-Dormant,High Humidity,NA,NA,0
1,4,I_1,IS,Non-Dormant,High Humidity,NA,NA,0
1,4,J_2,IS,Dormant,Native Soil,1,pink,49
1,4,J_2,IS,Dormant,Native Soil,2,green,11
1,4,J_2,IS,Dormant,Native Soil,3,purple,89
1,4,J_2,IS,Dormant,Native Soil,4,blue,33
1,4,J_2,IS,Dormant,Native Soil,5,yellow,27
1,4,J_2,IS,Dormant,Native Soil,6,orange,44
1,4,J_2,IS,Dormant,Native Soil,7,IC,52
1,4,J_2,IS,Dormant,Native Soil,8,IC,13
1,4,J_2,IS,Dormant,Native Soil,9,IC,4
1,4,J_2,IS,Dormant,Native Soil,10,IC,6
1,4,J_2,IS,Dormant,Native Soil,11,IC,61
1,4,J_2,IS,Dormant,Native Soil,12,IC,65
1,4,J_2,IS,Dormant,Native Soil,13,OC,41
1,4,J_2,IS,Dormant,Native Soil,14,OC,11
1,4,J_2,IS,Dormant,Native Soil,15,OC,16
1,4,J_2,IS,Dormant,Native Soil,16,OC,254
1,4,J_2,IS,Dormant,Native Soil,1.1,pink,0
2,4,J_2,IS,Dormant,Native Soil,19,blue-yellow,2
2,4,J_2,IS,Dormant,Native Soil,1,orange,0
2,4,J_2,IS,Dormant,Native Soil,2,blue,0
2,4,J_2,IS,Dormant,Native Soil,3,green,0
2,4,J_2,IS,Dormant,Native Soil,4,yellow,0
2,4,J_2,IS,Dormant,Native Soil,5,yellow-purple,0
2,4,J_2,IS,Dormant,Native Soil,6,blue-purple,0
2,4,J_2,IS,Dormant,Native Soil,7,purple-green,0
2,4,J_2,IS,Dormant,Native Soil,8,purple-pink,0
2,4,J_2,IS,Dormant,Native Soil,9,purple-orange,0
2,4,J_2,IS,Dormant,Native Soil,10,pink-orange,0
2,4,J_2,IS,Dormant,Native Soil,11,orange-green,0
2,4,J_2,IS,Dormant,Native Soil,12,orange-blue,0
2,4,J_2,IS,Dormant,Native Soil,13,purple,0
2,4,J_2,IS,Dormant,Native Soil,14,pink,0
2,4,J_2,IS,Dormant,Native Soil,15,yellow-green,0
2,4,J_2,IS,Dormant,Native Soil,16,green-pink,0
2,4,J_2,IS,Dormant,Native Soil,17,blue-pink,0
2,4,J_2,IS,Dormant,Native Soil,18,blue-green,0
2,4,J_2,IS,Dormant,Native Soil,20,orange-yellow,0
2,4,J_4,IS,Mixed,Native Soil,NA,NA,0
2,4,J_4,IS,Mixed,Native Soil,NA,NA,0
2,4,J_4,IS,Mixed,Native Soil,NA,NA,0
2,4,J_4,IS,Mixed,Native Soil,NA,NA,0
2,4,J_4,IS,Mixed,Native Soil,NA,NA,0
2,4,J_4,IS,Mixed,Native Soil,NA,NA,0
2,4,J_4,IS,Mixed,Native Soil,NA,NA,0
2,4,J_4,IS,Mixed,Native Soil,NA,NA,0
2,4,J_4,IS,Mixed,Native Soil,NA,NA,0
2,4,J_4,IS,Mixed,Native Soil,NA,NA,0
2,4,J_4,IS,Mixed,Native Soil,NA,NA,0
2,4,J_4,IS,Mixed,Native Soil,NA,NA,0
2,4,J_4,IS,Mixed,Native Soil,NA,NA,0
2,4,J_4,IS,Mixed,Native Soil,NA,NA,0
2,4,J_4,IS,Mixed,Native Soil,NA,NA,0
2,4,J_4,IS,Mixed,Native Soil,NA,NA,0
2,4,J_4,IS,Mixed,Native Soil,NA,NA,0
2,4,J_4,IS,Mixed,Native Soil,NA,NA,0
2,4,J_4,IS,Mixed,Native Soil,NA,NA,0
2,4,J_4,IS,Mixed,Native Soil,NA,NA,0
1,6,F_9,IS,Non-Dormant,Control,1,OC,49
1,6,H_12,IS,Dormant,Litter,1,OC,38
1,6,H_12,IS,Dormant,Litter,2,OC,152
1,6,H_12,IS,Dormant,Litter,3,OC,21
2,7,K_1,IS,Non-Dormant,Litter,NA,NA,NA
2,7,K_1,IS,Non-Dormant,Litter,NA,NA,NA
2,7,K_1,IS,Non-Dormant,Litter,NA,NA,NA
2,7,K_1,IS,Non-Dormant,Litter,NA,NA,NA
2,7,K_1,IS,Non-Dormant,Litter,NA,NA,NA
2,7,K_1,IS,Non-Dormant,Litter,NA,NA,NA
2,7,K_1,IS,Non-Dormant,Litter,NA,NA,NA
2,7,K_1,IS,Non-Dormant,Litter,NA,NA,NA
2,7,K_1,IS,Non-Dormant,Litter,NA,NA,NA
2,7,K_1,IS,Non-Dormant,Litter,NA,NA,NA
2,7,K_4,IS,Dormant,Control,1,yellow,51
2,7,K_4,IS,Dormant,Control,2,blue,5
2,7,K_4,IS,Dormant,Control,3,green,32
2,7,K_4,IS,Dormant,Control,4,pink,32
2,7,K_4,IS,Dormant,Control,5,green-yellow,7
2,7,K_4,IS,Dormant,Control,6,purple-yellow,1
2,7,K_4,IS,Dormant,Control,7,blue-pink,7
2,7,K_4,IS,Dormant,Control,8,orange-purple,9
2,7,K_4,IS,Dormant,Control,9,pink-green,22
2,7,K_4,IS,Dormant,Control,10,unmarked,2
2,7,K_4,IS,Dormant,Control,11,unmarked,6
2,7,K_4,IS,Dormant,Control,12,unmarked,3
2,7,K_4,IS,Dormant,Control,13,unmarked,7
2,7,K_4,IS,Dormant,Control,14,unmarked,11
2,7,K_4,IS,Dormant,Control,15,unmarked,2
2,7,K_4,IS,Dormant,Control,16,unmarked,16
2,7,K_4,IS,Dormant,Control,17,unmarked,1
2,7,K_4,IS,Dormant,Control,18,unmarked,11
2,7,K_4,IS,Dormant,Control,19,unmarked,8
2,7,K_4,IS,Dormant,Control,20,unmarked,4
1,7,K_5,IS,Non-Dormant,High Humidity,NA,NA,0
1,7,K_5,IS,Non-Dormant,High Humidity,NA,NA,0
1,7,K_5,IS,Non-Dormant,High Humidity,NA,NA,0
1,7,K_5,IS,Non-Dormant,High Humidity,NA,NA,0
1,7,K_5,IS,Non-Dormant,High Humidity,NA,NA,0
1,7,K_5,IS,Non-Dormant,High Humidity,NA,NA,0
1,7,K_5,IS,Non-Dormant,High Humidity,NA,NA,0
1,7,K_5,IS,Non-Dormant,High Humidity,NA,NA,0
1,7,K_5,IS,Non-Dormant,High Humidity,NA,NA,0
1,7,K_5,IS,Non-Dormant,High Humidity,NA,NA,0
1,7,K_5,IS,Non-Dormant,High Humidity,NA,NA,0
1,7,K_5,IS,Non-Dormant,High Humidity,NA,NA,0
1,7,K_5,IS,Non-Dormant,High Humidity,NA,NA,0
1,7,K_5,IS,Non-Dormant,High Humidity,NA,NA,0
1,7,K_5,IS,Non-Dormant,High Humidity,NA,NA,0
1,7,K_5,IS,Non-Dormant,High Humidity,NA,NA,0
1,7,K_5,IS,Non-Dormant,High Humidity,NA,NA,0
1,7,K_5,IS,Non-Dormant,High Humidity,NA,NA,0
1,7,K_5,IS,Non-Dormant,High Humidity,NA,NA,0
1,7,K_5,IS,Non-Dormant,High Humidity,NA,NA,0
2,7,K_5,IS,Non-Dormant,High Humidity,NA,NA,0
2,7,K_5,IS,Non-Dormant,High Humidity,NA,NA,0
2,7,K_5,IS,Non-Dormant,High Humidity,NA,NA,0
2,7,K_5,IS,Non-Dormant,High Humidity,NA,NA,0
2,7,K_5,IS,Non-Dormant,High Humidity,NA,NA,0
2,7,K_5,IS,Non-Dormant,High Humidity,NA,NA,0
2,7,K_6,IS,Mixed,Litter,NA,NA,0
2,7,K_6,IS,Mixed,Litter,NA,NA,0
1,7,L_1,IS,Dormant,High Humidity,NA,NA,0
1,7,L_1,IS,Dormant,High Humidity,NA,NA,0
1,7,L_1,IS,Dormant,High Humidity,NA,NA,0
1,7,L_1,IS,Dormant,High Humidity,NA,NA,0
1,7,L_1,IS,Dormant,High Humidity,NA,NA,0
2,7,L_1,IS,Dormant,High Humidity,NA,NA,0
2,7,L_1,IS,Dormant,High Humidity,NA,NA,0
2,7,L_1,IS,Dormant,High Humidity,NA,NA,0
2,7,L_1,IS,Dormant,High Humidity,NA,NA,0
2,7,L_1,IS,Dormant,High Humidity,NA,NA,0
2,7,L_1,IS,Dormant,High Humidity,NA,NA,0
2,7,L_1,IS,Dormant,High Humidity,NA,NA,0
2,7,L_1,IS,Dormant,High Humidity,NA,NA,0
2,7,L_1,IS,Dormant,High Humidity,NA,NA,0
2,7,L_1,IS,Dormant,High Humidity,NA,NA,0
2,7,L_1,IS,Dormant,High Humidity,NA,NA,0
2,7,L_1,IS,Dormant,High Humidity,NA,NA,0
2,7,L_1,IS,Dormant,High Humidity,NA,NA,0
2,7,L_1,IS,Dormant,High Humidity,NA,NA,0
2,7,L_1,IS,Dormant,High Humidity,NA,NA,0
2,7,L_1,IS,Dormant,High Humidity,NA,NA,0
2,7,L_1,IS,Dormant,High Humidity,NA,NA,0
2,7,L_1,IS,Dormant,High Humidity,NA,NA,0
2,7,L_1,IS,Dormant,High Humidity,NA,NA,0
2,7,L_1,IS,Dormant,High Humidity,NA,NA,0
1,7,L_2,IS,Dormant,Litter,NA,NA,0
1,7,L_2,IS,Dormant,Litter,NA,NA,0
1,7,L_2,IS,Dormant,Litter,NA,NA,0
1,7,L_2,IS,Dormant,Litter,NA,NA,0
2,7,L_2,IS,Dormant,Litter,NA,NA,0
2,7,L_2,IS,Dormant,Litter,NA,NA,0
2,7,L_2,IS,Dormant,Litter,NA,NA,0
2,7,L_2,IS,Dormant,Litter,NA,NA,0
2,7,L_2,IS,Dormant,Litter,NA,NA,0
2,7,L_2,IS,Dormant,Litter,NA,NA,0
2,7,L_2,IS,Dormant,Litter,NA,NA,0
2,7,L_2,IS,Dormant,Litter,NA,NA,0
2,7,L_2,IS,Dormant,Litter,NA,NA,0
2,7,L_2,IS,Dormant,Litter,NA,NA,0
2,7,L_2,IS,Dormant,Litter,NA,NA,0
2,7,L_2,IS,Dormant,Litter,NA,NA,0
2,7,L_2,IS,Dormant,Litter,NA,NA,0
2,7,L_2,IS,Dormant,Litter,NA,NA,0
2,7,L_2,IS,Dormant,Litter,NA,NA,0
2,7,L_2,IS,Dormant,Litter,NA,NA,0
2,7,L_2,IS,Dormant,Litter,NA,NA,0
2,7,L_2,IS,Dormant,Litter,NA,NA,0
2,7,L_2,IS,Dormant,Litter,NA,NA,0
2,7,L_2,IS,Dormant,Litter,NA,NA,0
2,7,L_3,IS,Dormant,Native Soil,NA,NA,0
2,7,L_3,IS,Dormant,Native Soil,NA,NA,0
2,7,L_3,IS,Dormant,Native Soil,NA,NA,0
2,7,L_3,IS,Dormant,Native Soil,NA,NA,0
2,7,L_6,IS,Mixed,High Humidity,1,purple,13
2,7,L_6,IS,Mixed,High Humidity,2,pink,3
2,7,L_6,IS,Mixed,High Humidity,3,unmarked,4
2,7,L_6,IS,Mixed,High Humidity,4,unmarked,9
2,7,L_6,IS,Mixed,High Humidity,5,unmarked,5
2,7,L_6,IS,Mixed,High Humidity,NA,NA,0
2,7,L_6,IS,Mixed,High Humidity,NA,NA,0
2,7,L_6,IS,Mixed,High Humidity,NA,NA,0
2,7,L_6,IS,Mixed,High Humidity,NA,NA,0
2,7,L_6,IS,Mixed,High Humidity,NA,NA,0
2,7,L_6,IS,Mixed,High Humidity,NA,NA,0
2,7,L_6,IS,Mixed,High Humidity,NA,NA,0
2,7,L_6,IS,Mixed,High Humidity,NA,NA,0
2,7,L_6,IS,Mixed,High Humidity,NA,NA,0
2,7,L_6,IS,Mixed,High Humidity,NA,NA,0
2,7,L_6,IS,Mixed,High Humidity,NA,NA,0
2,7,L_6,IS,Mixed,High Humidity,NA,NA,0
2,7,L_6,IS,Mixed,High Humidity,NA,NA,0
2,7,L_6,IS,Mixed,High Humidity,NA,NA,0
2,7,L_6,IS,Mixed,High Humidity,NA,NA,0
1,7,L_7,IS,Mixed,Native Soil,1,orange,161
1,7,L_7,IS,Mixed,Native Soil,2,green,9
1,7,L_7,IS,Mixed,Native Soil,3,pink,27
2,7,L_7,IS,Mixed,Native Soil,7,blue-yellow,2
2,7,L_7,IS,Mixed,Native Soil,12,purple-yellow,1
2,7,L_7,IS,Mixed,Native Soil,15,yellow-orange,1
2,7,L_7,IS,Mixed,Native Soil,16,purple-orange,3
2,7,L_7,IS,Mixed,Native Soil,21,unmarked,5
2,7,L_7,IS,Mixed,Native Soil,22,unmarked,9
2,7,L_7,IS,Mixed,Native Soil,23,unmarked,11
2,7,L_7,IS,Mixed,Native Soil,1,yellow,0
2,7,L_7,IS,Mixed,Native Soil,2.1,pink,0
2,7,L_7,IS,Mixed,Native Soil,2.2,pink,0
2,7,L_7,IS,Mixed,Native Soil,3,blue,0
2,7,L_7,IS,Mixed,Native Soil,4,orange,0
2,7,L_7,IS,Mixed,Native Soil,5,purple,0
2,7,L_7,IS,Mixed,Native Soil,6,green,0
2,7,L_7,IS,Mixed,Native Soil,9,blue-purple,0
2,7,L_7,IS,Mixed,Native Soil,10,blue-green,0
2,7,L_7,IS,Mixed,Native Soil,11,blue-pink,0
2,7,L_7,IS,Mixed,Native Soil,13,purple-pink,0
2,7,L_7,IS,Mixed,Native Soil,14,pink-yellow,0
2,7,L_7,IS,Mixed,Native Soil,17,purple-green,0
2,7,L_7,IS,Mixed,Native Soil,18,yellow-green,0
2,7,L_7,IS,Mixed,Native Soil,19,pink-orange,0
2,7,M_1,IS,Non-Dormant,Native Soil,NA,NA,0
2,7,M_1,IS,Non-Dormant,Native Soil,NA,NA,0
2,7,M_1,IS,Non-Dormant,Native Soil,NA,NA,0
2,7,M_1,IS,Non-Dormant,Native Soil,NA,NA,0
2,7,M_1,IS,Non-Dormant,Native Soil,NA,NA,0
2,7,M_1,IS,Non-Dormant,Native Soil,NA,NA,0
2,7,M_1,IS,Non-Dormant,Native Soil,NA,NA,0
2,7,M_1,IS,Non-Dormant,Native Soil,NA,NA,0
2,7,M_1,IS,Non-Dormant,Native Soil,NA,NA,0
2,7,M_1,IS,Non-Dormant,Native Soil,NA,NA,0
2,7,M_1,IS,Non-Dormant,Native Soil,NA,NA,0
2,7,M_1,IS,Non-Dormant,Native Soil,NA,NA,0
2,7,M_1,IS,Non-Dormant,Native Soil,NA,NA,0
2,7,M_1,IS,Non-Dormant,Native Soil,NA,NA,0
2,7,M_1,IS,Non-Dormant,Native Soil,NA,NA,0
2,7,M_1,IS,Non-Dormant,Native Soil,NA,NA,0
2,7,M_1,IS,Non-Dormant,Native Soil,NA,NA,0
2,7,M_1,IS,Non-Dormant,Native Soil,NA,NA,0
2,7,M_1,IS,Non-Dormant,Native Soil,NA,NA,0
2,7,M_1,IS,Non-Dormant,Native Soil,NA,NA,0
2,7,M_5,IS,Non-Dormant,Control,NA,NA,0
2,7,M_5,IS,Non-Dormant,Control,NA,NA,0
2,7,M_5,IS,Non-Dormant,Control,NA,NA,0
2,7,M_5,IS,Non-Dormant,Control,NA,NA,0
2,7,M_5,IS,Non-Dormant,Control,NA,NA,0
2,7,M_5,IS,Non-Dormant,Control,NA,NA,0
2,7,M_5,IS,Non-Dormant,Control,NA,NA,0
2,7,M_5,IS,Non-Dormant,Control,NA,NA,0
2,7,M_5,IS,Non-Dormant,Control,NA,NA,0
2,7,M_5,IS,Non-Dormant,Control,NA,NA,0
2,7,M_5,IS,Non-Dormant,Control,NA,NA,0
2,7,M_5,IS,Non-Dormant,Control,NA,NA,0
2,7,M_5,IS,Non-Dormant,Control,NA,NA,0
2,7,M_5,IS,Non-Dormant,Control,NA,NA,0
2,7,M_5,IS,Non-Dormant,Control,NA,NA,0
2,7,M_5,IS,Non-Dormant,Control,NA,NA,0
2,7,M_5,IS,Non-Dormant,Control,NA,NA,0
2,7,M_5,IS,Non-Dormant,Control,NA,NA,0
2,7,M_5,IS,Non-Dormant,Control,NA,NA,0
2,7,M_5,IS,Non-Dormant,Control,NA,NA,0
1,7,M_6,IS,Mixed,Control,1,blue,179
1,7,M_6,IS,Mixed,Control,2,orange,0
1,7,M_6,IS,Mixed,Control,4,purple,0
1,7,M_6,IS,Mixed,Control,5,yellow,0
1,7,M_6,IS,Mixed,Control,NA,NA,NA
1,7,M_6,IS,Mixed,Control,NA,NA,NA
1,7,M_6,IS,Mixed,Control,NA,NA,NA
1,7,M_6,IS,Mixed,Control,NA,NA,NA
1,7,M_6,IS,Mixed,Control,NA,NA,NA
1,7,M_6,IS,Mixed,Control,NA,NA,NA
1,7,M_6,IS,Mixed,Control,NA,NA,NA
1,7,M_6,IS,Mixed,Control,NA,NA,NA
1,7,M_6,IS,Mixed,Control,NA,NA,0
1,7,M_6,IS,Mixed,Control,NA,NA,0
1,7,M_6,IS,Mixed,Control,NA,NA,0
1,7,M_6,IS,Mixed,Control,NA,NA,0
1,7,M_6,IS,Mixed,Control,NA,NA,0
1,7,M_6,IS,Mixed,Control,NA,NA,0
1,7,M_6,IS,Mixed,Control,NA,NA,0
1,7,M_6,IS,Mixed,Control,NA,NA,0
2,7,M_6,IS,Mixed,Control,1,unmarked,8
2,7,M_6,IS,Mixed,Control,NA,NA,0
2,7,M_6,IS,Mixed,Control,NA,NA,0
2,7,M_6,IS,Mixed,Control,NA,NA,0
2,7,M_6,IS,Mixed,Control,NA,NA,0
2,7,M_6,IS,Mixed,Control,NA,NA,0
2,7,M_6,IS,Mixed,Control,NA,NA,0
1,8,J_11,IS,Dormant,High Humidity,NA,NA,0
1,8,J_11,IS,Dormant,High Humidity,NA,NA,0
1,8,J_11,IS,Dormant,High Humidity,NA,NA,0
1,8,J_11,IS,Dormant,High Humidity,NA,NA,0
1,8,J_11,IS,Dormant,High Humidity,NA,NA,0
1,8,J_11,IS,Dormant,High Humidity,NA,NA,0
2,8,J_11,IS,Dormant,High Humidity,NA,NA,0
2,8,J_11,IS,Dormant,High Humidity,NA,NA,0
2,8,J_11,IS,Dormant,High Humidity,NA,NA,0
1,8,J_12,IS,Non-Dormant,Control,NA,NA,0
1,8,J_12,IS,Non-Dormant,Control,NA,NA,0
1,8,J_12,IS,Non-Dormant,Control,NA,NA,0
1,8,J_12,IS,Non-Dormant,Control,NA,NA,0
1,8,J_12,IS,Non-Dormant,Control,NA,NA,0
2,8,J_12,IS,Non-Dormant,Control,NA,NA,0
2,8,J_12,IS,Non-Dormant,Control,NA,NA,0
2,8,J_12,IS,Non-Dormant,Control,NA,NA,0
2,8,J_12,IS,Non-Dormant,Control,NA,NA,0
2,8,J_12,IS,Non-Dormant,Control,NA,NA,0
2,8,J_12,IS,Non-Dormant,Control,NA,NA,0
2,8,J_12,IS,Non-Dormant,Control,NA,NA,0
2,8,J_12,IS,Non-Dormant,Control,NA,NA,0
2,8,J_12,IS,Non-Dormant,Control,NA,NA,0
2,8,J_12,IS,Non-Dormant,Control,NA,NA,0
2,8,J_12,IS,Non-Dormant,Control,NA,NA,0
2,8,J_12,IS,Non-Dormant,Control,NA,NA,0
2,8,J_12,IS,Non-Dormant,Control,NA,NA,0
2,8,J_12,IS,Non-Dormant,Control,NA,NA,0
1,8,K_8,IS,Non-Dormant,High Humidity,NA,NA,0
1,8,K_8,IS,Non-Dormant,High Humidity,NA,NA,0
2,8,K_8,IS,Non-Dormant,High Humidity,NA,NA,0
2,8,K_8,IS,Non-Dormant,High Humidity,NA,NA,0
2,8,K_8,IS,Non-Dormant,High Humidity,NA,NA,0
2,8,K_8,IS,Non-Dormant,High Humidity,NA,NA,0
2,8,K_8,IS,Non-Dormant,High Humidity,NA,NA,0
1,8,K_10,IS,Non-Dormant,Litter,NA,NA,0
1,8,K_10,IS,Non-Dormant,Litter,NA,NA,0
1,8,K_10,IS,Non-Dormant,Litter,NA,NA,0
1,8,K_10,IS,Non-Dormant,Litter,NA,NA,0
1,8,K_10,IS,Non-Dormant,Litter,NA,NA,0
1,8,K_10,IS,Non-Dormant,Litter,NA,NA,0
1,8,K_10,IS,Non-Dormant,Litter,NA,NA,0
2,8,K_10,IS,Non-Dormant,Litter,NA,NA,0
2,8,K_10,IS,Non-Dormant,Litter,NA,NA,0
2,8,K_10,IS,Non-Dormant,Litter,NA,NA,0
2,8,K_10,IS,Non-Dormant,Litter,NA,NA,0
2,8,K_10,IS,Non-Dormant,Litter,NA,NA,0
2,8,K_10,IS,Non-Dormant,Litter,NA,NA,0
2,8,K_10,IS,Non-Dormant,Litter,NA,NA,0
2,8,K_10,IS,Non-Dormant,Litter,NA,NA,0
2,8,K_10,IS,Non-Dormant,Litter,NA,NA,0
2,8,K_10,IS,Non-Dormant,Litter,NA,NA,0
2,8,K_10,IS,Non-Dormant,Litter,NA,NA,0
2,8,K_10,IS,Non-Dormant,Litter,NA,NA,0
2,8,K_10,IS,Non-Dormant,Litter,NA,NA,0
2,8,K_10,IS,Non-Dormant,Litter,NA,NA,0
2,8,K_10,IS,Non-Dormant,Litter,NA,NA,0
2,8,K_10,IS,Non-Dormant,Litter,NA,NA,0
2,8,K_10,IS,Non-Dormant,Litter,NA,NA,0
2,8,K_10,IS,Non-Dormant,Litter,NA,NA,0
2,8,K_10,IS,Non-Dormant,Litter,NA,NA,0
2,8,K_10,IS,Non-Dormant,Litter,NA,NA,0
1,8,K_11,IS,Mixed,High Humidity,NA,NA,0
1,8,K_11,IS,Mixed,High Humidity,NA,NA,0
1,8,K_11,IS,Mixed,High Humidity,NA,NA,0
1,8,K_11,IS,Mixed,High Humidity,NA,NA,0
1,8,K_11,IS,Mixed,High Humidity,NA,NA,0
1,8,K_11,IS,Mixed,High Humidity,NA,NA,0
1,8,K_11,IS,Mixed,High Humidity,NA,NA,0
1,8,K_11,IS,Mixed,High Humidity,NA,NA,0
1,8,K_11,IS,Mixed,High Humidity,NA,NA,0
1,8,K_11,IS,Mixed,High Humidity,NA,NA,0
1,8,K_11,IS,Mixed,High Humidity,NA,NA,0
1,8,K_11,IS,Mixed,High Humidity,NA,NA,0
1,8,K_11,IS,Mixed,High Humidity,NA,NA,0
1,8,K_11,IS,Mixed,High Humidity,NA,NA,0
1,8,K_11,IS,Mixed,High Humidity,NA,NA,0
1,8,K_11,IS,Mixed,High Humidity,NA,NA,0
1,8,K_11,IS,Mixed,High Humidity,NA,NA,0
1,8,K_11,IS,Mixed,High Humidity,NA,NA,0
1,8,K_11,IS,Mixed,High Humidity,NA,NA,0
1,8,K_11,IS,Mixed,High Humidity,NA,NA,0
2,8,K_11,IS,Mixed,High Humidity,NA,NA,0
2,8,K_11,IS,Mixed,High Humidity,NA,NA,0
2,8,K_11,IS,Mixed,High Humidity,NA,NA,0
2,8,K_11,IS,Mixed,High Humidity,NA,NA,0
2,8,K_11,IS,Mixed,High Humidity,NA,NA,0
2,8,K_11,IS,Mixed,High Humidity,NA,NA,0
2,8,K_11,IS,Mixed,High Humidity,NA,NA,0
2,8,K_11,IS,Mixed,High Humidity,NA,NA,0
2,8,K_11,IS,Mixed,High Humidity,NA,NA,0
2,8,K_12,IS,Dormant,Litter,NA,NA,0
2,8,K_12,IS,Dormant,Litter,NA,NA,0
2,8,K_12,IS,Dormant,Litter,NA,NA,0
2,8,K_12,IS,Dormant,Litter,NA,NA,0
2,8,K_12,IS,Dormant,Litter,NA,NA,0
2,8,K_12,IS,Dormant,Litter,NA,NA,0
2,8,K_12,IS,Dormant,Litter,NA,NA,0
2,8,K_12,IS,Dormant,Litter,NA,NA,0
2,8,K_12,IS,Dormant,Litter,NA,NA,0
2,8,K_12,IS,Dormant,Litter,NA,NA,0
2,8,K_12,IS,Dormant,Litter,NA,NA,0
2,8,K_12,IS,Dormant,Litter,NA,NA,0
2,8,K_12,IS,Dormant,Litter,NA,NA,0
2,8,K_12,IS,Dormant,Litter,NA,NA,0
2,8,K_12,IS,Dormant,Litter,NA,NA,0
2,8,K_12,IS,Dormant,Litter,NA,NA,0
2,8,K_12,IS,Dormant,Litter,NA,NA,0
2,8,K_12,IS,Dormant,Litter,NA,NA,0
2,8,K_12,IS,Dormant,Litter,NA,NA,0
2,8,K_12,IS,Dormant,Litter,NA,NA,0
1,8,L_10,IS,Dormant,Native Soil,1,purple,130
1,8,L_10,IS,Dormant,Native Soil,2,yellow,22
1,8,L_10,IS,Dormant,Native Soil,3,blue,18
1,8,L_10,IS,Dormant,Native Soil,4,orange,15
1,8,L_10,IS,Dormant,Native Soil,1.1,purple,0
2,8,L_10,IS,Dormant,Native Soil,NA,NA,0
2,8,L_10,IS,Dormant,Native Soil,NA,NA,0
2,8,L_10,IS,Dormant,Native Soil,NA,NA,0
2,8,L_10,IS,Dormant,Native Soil,NA,NA,0
2,8,L_10,IS,Dormant,Native Soil,NA,NA,0
2,8,L_10,IS,Dormant,Native Soil,NA,NA,0
2,8,L_10,IS,Dormant,Native Soil,NA,NA,0
2,8,L_10,IS,Dormant,Native Soil,NA,NA,0
2,8,L_10,IS,Dormant,Native Soil,NA,NA,0
1,8,L_11,IS,Dormant,Control,2,purple,234
1,8,L_11,IS,Dormant,Control,1,yellow,0
1,8,L_11,IS,Dormant,Control,NA,NA,NA
1,8,L_11,IS,Dormant,Control,NA,NA,NA
1,8,L_11,IS,Dormant,Control,NA,NA,NA
1,8,L_11,IS,Dormant,Control,NA,NA,0
1,8,L_11,IS,Dormant,Control,NA,NA,0
1,8,L_11,IS,Dormant,Control,NA,NA,0
2,8,L_11,IS,Dormant,Control,10,orange-purple,15
2,8,L_11,IS,Dormant,Control,12,yellow-pink,9
2,8,L_11,IS,Dormant,Control,14,blue-pink,9
2,8,L_11,IS,Dormant,Control,16,blue-yellow,4
2,8,L_11,IS,Dormant,Control,1,blue,0
2,8,L_11,IS,Dormant,Control,2.1,green,0
2,8,L_11,IS,Dormant,Control,2.2,green,0
2,8,L_11,IS,Dormant,Control,3,purple,0
2,8,L_11,IS,Dormant,Control,4,yellow,0
2,8,L_11,IS,Dormant,Control,5.1,orange,0
2,8,L_11,IS,Dormant,Control,6,pink,0
2,8,L_11,IS,Dormant,Control,7.1,blue-purple,0
2,8,L_11,IS,Dormant,Control,7.2,blue-purple,0
2,8,L_11,IS,Dormant,Control,8,pink-purple,0
2,8,L_11,IS,Dormant,Control,9,green-purple,0
1,8,M_11,IS,Mixed,Litter,1,blue,0
1,8,M_11,IS,Mixed,Litter,2,orange,0
1,8,M_11,IS,Mixed,Litter,NA,NA,NA
1,8,M_11,IS,Mixed,Litter,NA,NA,0
1,8,M_11,IS,Mixed,Litter,NA,NA,0
1,8,M_11,IS,Mixed,Litter,NA,NA,0
1,8,M_11,IS,Mixed,Litter,NA,NA,0
1,8,M_11,IS,Mixed,Litter,NA,NA,0
1,8,M_11,IS,Mixed,Litter,NA,NA,0
1,8,M_11,IS,Mixed,Litter,NA,NA,0
1,8,M_11,IS,Mixed,Litter,NA,NA,0
1,8,M_11,IS,Mixed,Litter,NA,NA,0
1,8,M_11,IS,Mixed,Litter,NA,NA,0
1,8,M_11,IS,Mixed,Litter,NA,NA,0
1,8,M_11,IS,Mixed,Litter,NA,NA,0
2,8,M_11,IS,Mixed,Litter,NA,NA,0
2,8,M_11,IS,Mixed,Litter,NA,NA,0
2,8,M_11,IS,Mixed,Litter,NA,NA,0
2,8,M_11,IS,Mixed,Litter,NA,NA,0
2,8,M_11,IS,Mixed,Litter,NA,NA,0
2,8,M_11,IS,Mixed,Litter,NA,NA,0
2,8,M_11,IS,Mixed,Litter,NA,NA,0
2,8,M_11,IS,Mixed,Litter,NA,NA,0
2,8,M_11,IS,Mixed,Litter,NA,NA,0
2,8,M_11,IS,Mixed,Litter,NA,NA,0
2,8,M_11,IS,Mixed,Litter,NA,NA,0
2,8,M_11,IS,Mixed,Litter,NA,NA,0
2,8,M_11,IS,Mixed,Litter,NA,NA,0
2,8,M_11,IS,Mixed,Litter,NA,NA,0
2,8,M_11,IS,Mixed,Litter,NA,NA,0
2,8,M_11,IS,Mixed,Litter,NA,NA,0
2,8,M_11,IS,Mixed,Litter,NA,NA,0
2,8,M_11,IS,Mixed,Litter,NA,NA,0
2,8,M_11,IS,Mixed,Litter,NA,NA,0
2,8,M_11,IS,Mixed,Litter,NA,NA,0
2,8,M_12,IS,Non-Dormant,Native Soil,NA,NA,NA
2,8,M_12,IS,Non-Dormant,Native Soil,NA,NA,NA
2,8,M_12,IS,Non-Dormant,Native Soil,NA,NA,NA
2,8,M_12,IS,Non-Dormant,Native Soil,NA,NA,0
2,8,M_12,IS,Non-Dormant,Native Soil,NA,NA,0
2,8,M_12,IS,Non-Dormant,Native Soil,NA,NA,0
2,8,M_12,IS,Non-Dormant,Native Soil,NA,NA,0
2,8,M_12,IS,Non-Dormant,Native Soil,NA,NA,0
2,8,M_12,IS,Non-Dormant,Native Soil,NA,NA,0
2,8,M_12,IS,Non-Dormant,Native Soil,NA,NA,0
2,8,M_12,IS,Non-Dormant,Native Soil,NA,NA,0
2,8,M_12,IS,Non-Dormant,Native Soil,NA,NA,0
2,8,M_12,IS,Non-Dormant,Native Soil,NA,NA,0
2,8,M_12,IS,Non-Dormant,Native Soil,NA,NA,0
2,8,M_12,IS,Non-Dormant,Native Soil,NA,NA,0
2,8,M_12,IS,Non-Dormant,Native Soil,NA,NA,0
2,8,M_12,IS,Non-Dormant,Native Soil,NA,NA,0
2,8,M_12,IS,Non-Dormant,Native Soil,NA,NA,0
2,8,M_12,IS,Non-Dormant,Native Soil,NA,NA,0
2,8,M_12,IS,Non-Dormant,Native Soil,NA,NA,0
1,8,M_13,IS,Mixed,Native Soil,2,purple,10
1,8,M_13,IS,Mixed,Native Soil,3,pink,47
1,8,M_13,IS,Mixed,Native Soil,4,blue,6
1,8,M_13,IS,Mixed,Native Soil,5,yellow,10
1,8,M_13,IS,Mixed,Native Soil,6,orange,3
1,8,M_13,IS,Mixed,Native Soil,7,orange-yellow,85
2,8,M_13,IS,Mixed,Native Soil,1,blue,12
2,8,M_13,IS,Mixed,Native Soil,2,unmarked,15
2,8,M_13,IS,Mixed,Native Soil,3,unmarked,1
2,8,M_13,IS,Mixed,Native Soil,4,unmarked,21
2,8,M_13,IS,Mixed,Native Soil,5,unmarked,20
2,8,M_13,IS,Mixed,Native Soil,6,unmarked,3
2,8,M_13,IS,Mixed,Native Soil,7,unmarked,3
2,8,M_13,IS,Mixed,Native Soil,8,unmarked,4
2,8,M_13,IS,Mixed,Native Soil,9,unmarked,17
2,8,M_13,IS,Mixed,Native Soil,10,unmarked,4
2,8,M_13,IS,Mixed,Native Soil,11,unmarked,2
2,8,M_13,IS,Mixed,Native Soil,NA,NA,0
2,8,M_13,IS,Mixed,Native Soil,NA,NA,0
2,8,M_13,IS,Mixed,Native Soil,NA,NA,0
2,8,M_13,IS,Mixed,Native Soil,NA,NA,0
2,8,M_13,IS,Mixed,Native Soil,NA,NA,0
2,8,M_13,IS,Mixed,Native Soil,NA,NA,0
1,8,M_9,IS,Mixed,Control,4,green,15
1,8,M_9,IS,Mixed,Control,8,orange-green,18
1,8,M_9,IS,Mixed,Control,10,pink-yellow,65
1,8,M_9,IS,Mixed,Control,1.1,purple,0
1,8,M_9,IS,Mixed,Control,1.2,purple,0
1,8,M_9,IS,Mixed,Control,2.1,yellow,0
2,8,M_9,IS,Mixed,Control,3,blue,15
2,8,M_9,IS,Mixed,Control,4,purple,10
2,8,M_9,IS,Mixed,Control,5,green,2
2,8,M_9,IS,Mixed,Control,6,yellow,18
2,8,M_9,IS,Mixed,Control,7,orange-pink,6
2,8,M_9,IS,Mixed,Control,8,orange-blue,6
2,8,M_9,IS,Mixed,Control,9,orange-purple,2
2,8,M_9,IS,Mixed,Control,10,unmarked,4
2,8,M_9,IS,Mixed,Control,11,unmarked,8
2,8,M_9,IS,Mixed,Control,12,unmarked,3
2,8,M_9,IS,Mixed,Control,1,orange,0
2,8,M_9,IS,Mixed,Control,2,pink,0
2,8,M_9,IS,Mixed,Control,NA,NA,0
2,8,M_9,IS,Mixed,Control,NA,NA,0
2,8,M_9,IS,Mixed,Control,NA,NA,0
2,8,M_9,IS,Mixed,Control,NA,NA,0
2,8,M_9,IS,Mixed,Control,NA,NA,0
2,8,M_9,IS,Mixed,Control,NA,NA,0
2,8,M_9,IS,Mixed,Control,NA,NA,0
2,1,A_0,IS,Dormant,Litter,NA,NA,0
2,1,A_0,IS,Dormant,Litter,NA,NA,0
2,1,A_0,IS,Dormant,Litter,NA,NA,0
2,1,A_0,IS,Dormant,Litter,NA,NA,0
2,1,A_0,IS,Dormant,Litter,NA,NA,0
2,1,A_0,IS,Dormant,Litter,NA,NA,0
2,1,A_0,IS,Dormant,Litter,NA,NA,0
2,1,A_0,IS,Dormant,Litter,NA,NA,0
2,1,A_0,IS,Dormant,Litter,NA,NA,0
2,1,A_0,IS,Dormant,Litter,NA,NA,0
2,1,A_0,IS,Dormant,Litter,NA,NA,0
2,1,A_0,IS,Dormant,Litter,NA,NA,0
2,1,A_0,IS,Dormant,Litter,NA,NA,0
2,1,A_0,IS,Dormant,Litter,NA,NA,0
2,1,A_0,IS,Dormant,Litter,NA,NA,0
2,1,A_0,IS,Dormant,Litter,NA,NA,0
1,6,F_9,IS,NonDorm,Control,NA,NA,0
1,6,F_9,IS,NonDorm,Control,NA,NA,0
1,6,F_9,IS,NonDorm,Control,NA,NA,0
1,6,F_9,IS,NonDorm,Control,NA,NA,0
1,6,F_9,IS,NonDorm,Control,NA,NA,0