PopId,Block,RILSet,Dormancy,Envt,Year,Totalrosettes,Totalsdls,SurvtoRose
A_0,1,Italy x Sweden,Dormant,Litter,1,54,60,0.9
A_0,1,Italy x Sweden,Dormant,Litter,2,0,18,0
A_0,1,Italy x Sweden,Dormant,Litter,3,47,73,0.6438356164383562
A_1,1,Germany x Tajikistan,Dormant,Control,1,18,34,0.5294117647058824
A_1,1,Germany x Tajikistan,Dormant,Control,2,0,291,0
A_1,1,Germany x Tajikistan,Dormant,Control,3,27,74,0.36486486486486486
A_10,3,Italy x Sweden,Non-Dormant,Litter,1,1,4,0.25
A_10,3,Italy x Sweden,Non-Dormant,Litter,2,0,0,NA
A_10,3,Italy x Sweden,Non-Dormant,Litter,3,3,3,1
A_11,3,UK x USA,Dormant,Control,1,0,0,NA
A_11,3,UK x USA,Dormant,Control,2,0,43,0
A_11,3,UK x USA,Dormant,Control,3,1,13,0.07692307692307693
A_12,3,Germany x Tajikistan,Mixed,Control,1,0,4,0
A_12,3,Germany x Tajikistan,Mixed,Control,2,0,31,0
A_12,3,Germany x Tajikistan,Mixed,Control,3,4,6,0.6666666666666666
A_2,1,UK x USA,Dormant,Control,1,1,12,0.08333333333333333
A_2,1,UK x USA,Dormant,Control,2,0,4,0
A_2,1,UK x USA,Dormant,Control,3,0,1,0
A_3,1,Italy x Sweden,Non-Dormant,Litter,1,157,243,0.6460905349794238
A_3,1,Italy x Sweden,Non-Dormant,Litter,2,0,6,0
A_3,1,Italy x Sweden,Non-Dormant,Litter,3,6,10,0.6
A_4,1,Italy x Sweden,Mixed,High Humidity,1,105,147,0.7142857142857143
A_4,1,Italy x Sweden,Mixed,High Humidity,2,45,549,0.08196721311475409
A_4,1,Italy x Sweden,Mixed,High Humidity,3,111,249,0.4457831325301205
A_5,2,Italy x Sweden,Mixed,Litter,1,4,21,0.19047619047619047
A_5,2,Italy x Sweden,Mixed,Litter,2,1,1,1
A_5,2,Italy x Sweden,Mixed,Litter,3,22,30,0.7333333333333333
A_6,2,Germany x Tajikistan,Dormant,Litter,1,0,4,0
A_6,2,Germany x Tajikistan,Dormant,Litter,2,0,0,NA
A_7,2,Italy x Sweden,Mixed,Native Soil,1,38,52,0.7307692307692307
A_7,2,Italy x Sweden,Mixed,Native Soil,2,0,0,NA
A_7,2,Italy x Sweden,Mixed,Native Soil,3,1,3,0.3333333333333333
A_8,2,UK x USA,Mixed,Control,1,6,14,0.42857142857142855
A_8,2,UK x USA,Mixed,Control,2,0,24,0
A_8,2,UK x USA,Mixed,Control,3,6,8,0.75
A_9,3,Italy x Sweden,Dormant,Native Soil,1,12,38,0.3157894736842105
A_9,3,Italy x Sweden,Dormant,Native Soil,2,1,3,0.3333333333333333
A_9,3,Italy x Sweden,Dormant,Native Soil,3,2,19,0.10526315789473684
B_0,1,Italy x Sweden,Dormant,Native Soil,1,9,10,0.9
B_0,1,Italy x Sweden,Dormant,Native Soil,2,0,0,NA
B_0,1,Italy x Sweden,Dormant,Native Soil,3,0,1,0
B_1,1,Italy x Sweden,Mixed,Control,1,13,32,0.40625
B_1,1,Italy x Sweden,Mixed,Control,2,0,78,0
B_1,1,Italy x Sweden,Mixed,Control,3,13,27,0.48148148148148145
B_10,3,UK x USA,Non-Dormant,Control,1,0,1,0
B_10,3,UK x USA,Non-Dormant,Control,2,0,0,NA
B_10,3,UK x USA,Non-Dormant,Control,3,1,4,0.25
B_11,3,Italy x Sweden,Non-Dormant,Native Soil,1,22,23,0.9565217391304348
B_11,3,Italy x Sweden,Non-Dormant,Native Soil,2,0,2,0
B_11,3,Italy x Sweden,Non-Dormant,Native Soil,3,1,4,0.25
B_12,3,Italy x Sweden,Mixed,Native Soil,1,26,29,0.896551724137931
B_12,3,Italy x Sweden,Mixed,Native Soil,2,0,1,0
B_12,3,Italy x Sweden,Mixed,Native Soil,3,5,12,0.4166666666666667
B_13,3,Italy x Sweden,Dormant,Litter,1,0,0,NA
B_13,3,Italy x Sweden,Dormant,Litter,2,0,0,NA
B_13,3,Italy x Sweden,Dormant,Litter,3,22,23,0.9565217391304348
B_2,1,Italy x Sweden,Non-Dormant,High Humidity,1,262,532,0.4924812030075188
B_2,1,Italy x Sweden,Non-Dormant,High Humidity,2,2,94,0.02127659574468085
B_2,1,Italy x Sweden,Non-Dormant,High Humidity,3,108,108,1
B_3,1,Germany x Tajikistan,Non-Dormant,Control,1,0,2,0
B_3,1,Germany x Tajikistan,Non-Dormant,Control,2,0,7,0
B_3,1,Germany x Tajikistan,Non-Dormant,Control,3,0,39,0
B_4,1,Italy x Sweden,Dormant,High Humidity,1,43,56,0.7678571428571429
B_4,1,Italy x Sweden,Dormant,High Humidity,2,8,37,0.21621621621621623
B_4,1,Italy x Sweden,Dormant,High Humidity,3,167,273,0.6117216117216118
B_5,2,UK x USA,Dormant,Control,1,0,9,0
B_5,2,UK x USA,Dormant,Control,2,0,45,0
B_5,2,UK x USA,Dormant,Control,3,0,0,NA
B_6,2,Italy x Sweden,Non-Dormant,High Humidity,1,9,20,0.45
B_6,2,Italy x Sweden,Non-Dormant,High Humidity,2,4,211,0.018957345971563982
B_6,2,Italy x Sweden,Non-Dormant,High Humidity,3,87,193,0.45077720207253885
B_7,2,Italy x Sweden,Mixed,Control,1,11,12,0.9166666666666666
B_7,2,Italy x Sweden,Mixed,Control,2,0,53,0
B_7,2,Italy x Sweden,Mixed,Control,3,48,179,0.2681564245810056
B_8,2,Germany x Tajikistan,Non-Dormant,Control,1,1,5,0.2
B_8,2,Germany x Tajikistan,Non-Dormant,Control,2,0,45,0
B_8,2,Germany x Tajikistan,Non-Dormant,Control,3,0,0,NA
B_9,3,UK x USA,Mixed,Control,1,0,9,0
B_9,3,UK x USA,Mixed,Control,2,0,13,0
B_9,3,UK x USA,Mixed,Control,3,0,3,0
C_0,1,Germany x Tajikistan,Non-Dormant,Litter,1,2,2,1
C_0,1,Germany x Tajikistan,Non-Dormant,Litter,2,0,0,NA
C_1,1,Italy x Sweden,Dormant,Control,1,7,20,0.35
C_1,1,Italy x Sweden,Dormant,Control,2,0,17,0
C_1,1,Italy x Sweden,Dormant,Control,3,0,137,0
C_10,3,Italy x Sweden,Dormant,High Humidity,1,1,19,0.05263157894736842
C_10,3,Italy x Sweden,Dormant,High Humidity,2,1,50,0.02
C_10,3,Italy x Sweden,Dormant,High Humidity,3,38,152,0.25
C_11,3,Germany x Tajikistan,Non-Dormant,Litter,1,0,0,NA
C_11,3,Germany x Tajikistan,Non-Dormant,Litter,2,0,2,0
C_12,3,Germany x Tajikistan,Dormant,Control,1,0,1,0
C_12,3,Germany x Tajikistan,Dormant,Control,2,0,3,0
C_12,3,Germany x Tajikistan,Dormant,Control,3,7,11,0.6363636363636364
C_13,3,Italy x Sweden,Mixed,High Humidity,1,1,3,0.3333333333333333
C_13,3,Italy x Sweden,Mixed,High Humidity,2,0,0,NA
C_13,3,Italy x Sweden,Mixed,High Humidity,3,10,20,0.5
C_2,1,Italy x Sweden,Non-Dormant,Control,1,1,1,1
C_2,1,Italy x Sweden,Non-Dormant,Control,2,0,32,0
C_2,1,Italy x Sweden,Non-Dormant,Control,3,23,40,0.575
C_3,1,Italy x Sweden,Mixed,Litter,1,11,41,0.2682926829268293
C_3,1,Italy x Sweden,Mixed,Litter,2,0,0,NA
C_3,1,Italy x Sweden,Mixed,Litter,3,41,106,0.3867924528301887
C_4,1,Germany x Tajikistan,Dormant,Litter,1,5,8,0.625
C_4,1,Germany x Tajikistan,Dormant,Litter,2,0,0,NA
C_5,2,UK x USA,Non-Dormant,Control,1,0,0,NA
C_5,2,UK x USA,Non-Dormant,Control,2,0,38,0
C_5,2,UK x USA,Non-Dormant,Control,3,4,6,0.6666666666666666
C_6,2,Germany x Tajikistan,Dormant,Control,1,1,5,0.2
C_6,2,Germany x Tajikistan,Dormant,Control,2,0,24,0
C_6,2,Germany x Tajikistan,Dormant,Control,3,0,1,0
C_7,2,Italy x Sweden,Dormant,Control,1,0,8,0
C_7,2,Italy x Sweden,Dormant,Control,2,3,9,0.3333333333333333
C_7,2,Italy x Sweden,Dormant,Control,3,27,74,0.36486486486486486
C_9,3,Italy x Sweden,Mixed,Control,1,0,1,0
C_9,3,Italy x Sweden,Mixed,Control,2,0,2,0
C_9,3,Italy x Sweden,Mixed,Control,3,10,20,0.5
D_0,1,UK x USA,Mixed,Control,1,35,46,0.7608695652173914
D_0,1,UK x USA,Mixed,Control,2,0,33,0
D_0,1,UK x USA,Mixed,Control,3,19,39,0.48717948717948717
D_1,1,Germany x Tajikistan,Mixed,Control,1,0,13,0
D_1,1,Germany x Tajikistan,Mixed,Control,2,0,205,0
D_1,1,Germany x Tajikistan,Mixed,Control,3,27,134,0.20149253731343283
D_10,3,Italy x Sweden,Mixed,Litter,1,0,8,0
D_10,3,Italy x Sweden,Mixed,Litter,2,0,41,0
D_10,3,Italy x Sweden,Mixed,Litter,3,3,7,0.42857142857142855
D_11,3,Germany x Tajikistan,Non-Dormant,Control,1,0,4,0
D_11,3,Germany x Tajikistan,Non-Dormant,Control,2,0,11,0
D_11,3,Germany x Tajikistan,Non-Dormant,Control,3,0,0,NA
D_12,3,Germany x Tajikistan,Dormant,Litter,1,0,0,NA
D_12,3,Germany x Tajikistan,Dormant,Litter,2,0,0,NA
D_13,3,Italy x Sweden,Dormant,Control,1,4,5,0.8
D_13,3,Italy x Sweden,Dormant,Control,2,0,2,0
D_13,3,Italy x Sweden,Dormant,Control,3,26,42,0.6190476190476191
D_2,1,Italy x Sweden,Non-Dormant,Native Soil,1,27,51,0.5294117647058824
D_2,1,Italy x Sweden,Non-Dormant,Native Soil,2,4,8,0.5
D_2,1,Italy x Sweden,Non-Dormant,Native Soil,3,1,2,0.5
D_3,1,Italy x Sweden,Mixed,Native Soil,1,25,26,0.9615384615384616
D_3,1,Italy x Sweden,Mixed,Native Soil,2,2,7,0.2857142857142857
D_3,1,Italy x Sweden,Mixed,Native Soil,3,0,0,NA
D_4,1,UK x USA,Non-Dormant,Control,1,0,6,0
D_4,1,UK x USA,Non-Dormant,Control,2,0,17,0
D_4,1,UK x USA,Non-Dormant,Control,3,0,0,NA
D_5,2,Italy x Sweden,Mixed,High Humidity,1,24,49,0.4897959183673469
D_5,2,Italy x Sweden,Mixed,High Humidity,2,99,239,0.41422594142259417
D_5,2,Italy x Sweden,Mixed,High Humidity,3,93,119,0.7815126050420168
D_6,2,Italy x Sweden,Dormant,High Humidity,1,23,29,0.7931034482758621
D_6,2,Italy x Sweden,Dormant,High Humidity,2,9,103,0.08737864077669903
D_6,2,Italy x Sweden,Dormant,High Humidity,3,148,167,0.8862275449101796
D_8,2,Italy x Sweden,Non-Dormant,Litter,1,2,11,0.18181818181818182
D_8,2,Italy x Sweden,Non-Dormant,Litter,2,4,57,0.07017543859649122
D_8,2,Italy x Sweden,Non-Dormant,Litter,3,68,149,0.4563758389261745
D_9,3,Italy x Sweden,Non-Dormant,Control,1,1,28,0.03571428571428571
D_9,3,Italy x Sweden,Non-Dormant,Control,2,0,2,0
D_9,3,Italy x Sweden,Non-Dormant,Control,3,5,11,0.45454545454545453
E_1,4,Italy x Sweden,Non-Dormant,Native Soil,1,28,35,0.8
E_1,4,Italy x Sweden,Non-Dormant,Native Soil,2,0,3,0
E_1,4,Italy x Sweden,Non-Dormant,Native Soil,3,0,3,0
E_10,6,Germany x Tajikistan,Mixed,Control,1,0,0,NA
E_10,6,Germany x Tajikistan,Mixed,Control,2,0,16,0
E_10,6,Germany x Tajikistan,Mixed,Control,3,7,10,0.7
E_11,6,Italy x Sweden,Dormant,Control,1,0,0,NA
E_11,6,Italy x Sweden,Dormant,Control,2,0,1,0
E_11,6,Italy x Sweden,Dormant,Control,3,0,2,0
E_12,6,Italy x Sweden,Mixed,Control,1,0,3,0
E_12,6,Italy x Sweden,Mixed,Control,2,0,7,0
E_12,6,Italy x Sweden,Mixed,Control,3,22,32,0.6875
E_13,3,Italy x Sweden,Non-Dormant,High Humidity,1,2,15,0.13333333333333333
E_13,3,Italy x Sweden,Non-Dormant,High Humidity,2,0,89,0
E_13,3,Italy x Sweden,Non-Dormant,High Humidity,3,3,3,1
E_2,4,Italy x Sweden,Mixed,Control,1,13,38,0.34210526315789475
E_2,4,Italy x Sweden,Mixed,Control,2,0,54,0
E_2,4,Italy x Sweden,Mixed,Control,3,186,254,0.7322834645669292
E_3,4,Italy x Sweden,Non-Dormant,Control,1,3,21,0.14285714285714285
E_3,4,Italy x Sweden,Non-Dormant,Control,2,0,61,0
E_3,4,Italy x Sweden,Non-Dormant,Control,3,44,64,0.6875
E_4,4,Germany x Tajikistan,Non-Dormant,Litter,1,0,8,0
E_4,4,Germany x Tajikistan,Non-Dormant,Litter,2,0,13,0
E_5,2,Germany x Tajikistan,Non-Dormant,Litter,1,0,1,0
E_5,2,Germany x Tajikistan,Non-Dormant,Litter,2,0,25,0
E_7,2,Italy x Sweden,Dormant,Litter,1,1,16,0.0625
E_7,2,Italy x Sweden,Dormant,Litter,2,0,23,0
E_7,2,Italy x Sweden,Dormant,Litter,3,14,14,1
E_8,2,Italy x Sweden,Non-Dormant,Control,1,0,4,0
E_8,2,Italy x Sweden,Non-Dormant,Control,2,0,11,0
E_8,2,Italy x Sweden,Non-Dormant,Control,3,0,0,NA
E_9,6,Italy x Sweden,Dormant,Native Soil,1,8,8,1
E_9,6,Italy x Sweden,Dormant,Native Soil,2,8,39,0.20512820512820512
E_9,6,Italy x Sweden,Dormant,Native Soil,3,51,99,0.5151515151515151
F_1,4,Germany x Tajikistan,Dormant,Control,1,4,7,0.5714285714285714
F_1,4,Germany x Tajikistan,Dormant,Control,2,0,42,0
F_1,4,Germany x Tajikistan,Dormant,Control,3,3,7,0.42857142857142855
F_10,6,Germany x Tajikistan,Dormant,Control,1,2,8,0.25
F_10,6,Germany x Tajikistan,Dormant,Control,2,0,12,0
F_10,6,Germany x Tajikistan,Dormant,Control,3,0,0,NA
F_11,6,UK x USA,Mixed,Control,1,0,0,NA
F_11,6,UK x USA,Mixed,Control,2,0,1,0
F_11,6,UK x USA,Mixed,Control,3,15,50,0.3
F_12,6,Italy x Sweden,Non-Dormant,Native Soil,1,7,12,0.5833333333333334
F_12,6,Italy x Sweden,Non-Dormant,Native Soil,2,0,67,0
F_12,6,Italy x Sweden,Non-Dormant,Native Soil,3,3,3,1
F_13,6,Germany x Tajikistan,Dormant,Litter,1,0,0,NA
F_13,6,Germany x Tajikistan,Dormant,Litter,2,0,0,NA
F_2,4,UK x USA,Non-Dormant,Control,1,3,8,0.375
F_2,4,UK x USA,Non-Dormant,Control,2,0,36,0
F_2,4,UK x USA,Non-Dormant,Control,3,0,1,0
F_3,4,Italy x Sweden,Dormant,High Humidity,1,38,63,0.6031746031746031
F_3,4,Italy x Sweden,Dormant,High Humidity,2,0,206,0
F_3,4,Italy x Sweden,Dormant,High Humidity,3,352,638,0.5517241379310345
F_4,4,Italy x Sweden,Mixed,High Humidity,1,27,37,0.7297297297297297
F_4,4,Italy x Sweden,Mixed,High Humidity,2,7,280,0.025
F_4,4,Italy x Sweden,Mixed,High Humidity,3,326,407,0.800982800982801
F_6,2,Italy x Sweden,Dormant,Native Soil,1,15,28,0.5357142857142857
F_6,2,Italy x Sweden,Dormant,Native Soil,2,15,54,0.2777777777777778
F_6,2,Italy x Sweden,Dormant,Native Soil,3,25,36,0.6944444444444444
F_7,2,Germany x Tajikistan,Mixed,Control,1,0,7,0
F_7,2,Germany x Tajikistan,Mixed,Control,2,0,151,0
F_7,2,Germany x Tajikistan,Mixed,Control,3,0,0,NA
F_8,2,Italy x Sweden,Non-Dormant,Native Soil,1,16,20,0.8
F_8,2,Italy x Sweden,Non-Dormant,Native Soil,2,0,56,0
F_8,2,Italy x Sweden,Non-Dormant,Native Soil,3,2,10,0.2
F_9,6,Italy x Sweden,Non-Dormant,Control,1,1,3,0.3333333333333333
F_9,6,Italy x Sweden,Non-Dormant,Control,2,0,0,NA
F_9,6,Italy x Sweden,Non-Dormant,Control,3,4,5,0.8
G_1,4,Germany x Tajikistan,Non-Dormant,Control,1,0,7,0
G_1,4,Germany x Tajikistan,Non-Dormant,Control,2,0,11,0
G_1,4,Germany x Tajikistan,Non-Dormant,Control,3,0,0,NA
G_10,6,Italy x Sweden,Mixed,Litter,1,1,10,0.1
G_10,6,Italy x Sweden,Mixed,Litter,2,0,0,NA
G_10,6,Italy x Sweden,Mixed,Litter,3,10,26,0.38461538461538464
G_11,6,Italy x Sweden,Mixed,Native Soil,1,6,10,0.6
G_11,6,Italy x Sweden,Mixed,Native Soil,2,60,91,0.6593406593406593
G_11,6,Italy x Sweden,Mixed,Native Soil,3,7,12,0.5833333333333334
G_12,6,UK x USA,Dormant,Control,1,0,3,0
G_12,6,UK x USA,Dormant,Control,2,0,75,0
G_12,6,UK x USA,Dormant,Control,3,14,21,0.6666666666666666
G_13,6,Germany x Tajikistan,Non-Dormant,Litter,1,0,0,NA
G_13,6,Germany x Tajikistan,Non-Dormant,Litter,2,0,0,NA
G_2,4,Italy x Sweden,Dormant,Control,1,1,5,0.2
G_2,4,Italy x Sweden,Dormant,Control,2,0,23,0
G_2,4,Italy x Sweden,Dormant,Control,3,209,335,0.6238805970149254
G_3,4,Italy x Sweden,Mixed,Litter,1,9,18,0.5
G_3,4,Italy x Sweden,Mixed,Litter,2,0,9,0
G_3,4,Italy x Sweden,Mixed,Litter,3,141,244,0.5778688524590164
G_5,5,Italy x Sweden,Dormant,Control,1,0,6,0
G_5,5,Italy x Sweden,Dormant,Control,2,0,186,0
G_5,5,Italy x Sweden,Dormant,Control,3,43,202,0.21287128712871287
G_6,5,UK x USA,Mixed,Control,1,0,22,0
G_6,5,UK x USA,Mixed,Control,2,0,11,0
G_6,5,UK x USA,Mixed,Control,3,2,16,0.125
G_7,5,Italy x Sweden,Mixed,Control,1,1,4,0.25
G_7,5,Italy x Sweden,Mixed,Control,2,0,5,0
G_7,5,Italy x Sweden,Mixed,Control,3,4,28,0.14285714285714285
G_8,5,Germany x Tajikistan,Dormant,Control,1,0,0,NA
G_8,5,Germany x Tajikistan,Dormant,Control,2,0,28,0
G_8,5,Germany x Tajikistan,Dormant,Control,3,0,3,0
G_9,6,Italy x Sweden,Dormant,High Humidity,1,2,19,0.10526315789473684
G_9,6,Italy x Sweden,Dormant,High Humidity,2,0,16,0
G_9,6,Italy x Sweden,Dormant,High Humidity,3,90,161,0.5590062111801242
H_1,4,UK x USA,Dormant,Control,1,0,1,0
H_1,4,UK x USA,Dormant,Control,2,0,9,0
H_1,4,UK x USA,Dormant,Control,3,8,25,0.32
H_10,6,Italy x Sweden,Mixed,High Humidity,1,29,50,0.58
H_10,6,Italy x Sweden,Mixed,High Humidity,2,0,133,0
H_10,6,Italy x Sweden,Mixed,High Humidity,3,124,268,0.4626865671641791
H_11,6,UK x USA,Non-Dormant,Control,1,0,0,NA
H_11,6,UK x USA,Non-Dormant,Control,2,1,56,0.017857142857142856
H_11,6,UK x USA,Non-Dormant,Control,3,0,0,NA
H_12,6,Italy x Sweden,Dormant,Litter,1,0,7,0
H_12,6,Italy x Sweden,Dormant,Litter,2,0,4,0
H_12,6,Italy x Sweden,Dormant,Litter,3,2,4,0.5
H_2,4,Italy x Sweden,Non-Dormant,Litter,1,0,3,0
H_2,4,Italy x Sweden,Non-Dormant,Litter,2,0,0,NA
H_2,4,Italy x Sweden,Non-Dormant,Litter,3,3,5,0.6
H_4,4,Germany x Tajikistan,Dormant,Litter,1,0,1,0
H_4,4,Germany x Tajikistan,Dormant,Litter,2,0,0,NA
H_5,5,UK x USA,Dormant,Control,1,2,6,0.3333333333333333
H_5,5,UK x USA,Dormant,Control,2,0,2,0
H_5,5,UK x USA,Dormant,Control,3,17,33,0.5151515151515151
H_6,5,Italy x Sweden,Non-Dormant,Litter,1,0,5,0
H_6,5,Italy x Sweden,Non-Dormant,Litter,2,0,5,0
H_6,5,Italy x Sweden,Non-Dormant,Litter,3,1,1,1
H_7,5,Italy x Sweden,Non-Dormant,Control,1,1,4,0.25
H_7,5,Italy x Sweden,Non-Dormant,Control,2,0,48,0
H_7,5,Italy x Sweden,Non-Dormant,Control,3,0,1,0
H_8,5,Italy x Sweden,Dormant,Litter,1,1,3,0.3333333333333333
H_8,5,Italy x Sweden,Dormant,Litter,2,0,28,0
H_8,5,Italy x Sweden,Dormant,Litter,3,6,12,0.5
H_9,6,Germany x Tajikistan,Non-Dormant,Control,1,0,0,NA
H_9,6,Germany x Tajikistan,Non-Dormant,Control,2,2,122,0.01639344262295082
H_9,6,Germany x Tajikistan,Non-Dormant,Control,3,0,0,NA
I_1,4,Italy x Sweden,Non-Dormant,High Humidity,1,0,5,0
I_1,4,Italy x Sweden,Non-Dormant,High Humidity,2,0,0,NA
I_1,4,Italy x Sweden,Non-Dormant,High Humidity,3,1,8,0.125
I_10,5,Italy x Sweden,Mixed,Litter,1,0,9,0
I_10,5,Italy x Sweden,Mixed,Litter,2,0,62,0
I_10,5,Italy x Sweden,Mixed,Litter,3,3,6,0.5
I_11,6,Italy x Sweden,Non-Dormant,Litter,1,0,0,NA
I_11,6,Italy x Sweden,Non-Dormant,Litter,2,0,7,0
I_11,6,Italy x Sweden,Non-Dormant,Litter,3,1,1,1
I_12,6,Italy x Sweden,Non-Dormant,High Humidity,1,1,16,0.0625
I_12,6,Italy x Sweden,Non-Dormant,High Humidity,2,0,16,0
I_12,6,Italy x Sweden,Non-Dormant,High Humidity,3,1,2,0.5
I_3,4,Germany x Tajikistan,Mixed,Control,1,5,9,0.5555555555555556
I_3,4,Germany x Tajikistan,Mixed,Control,2,0,0,NA
I_3,4,Germany x Tajikistan,Mixed,Control,3,0,0,NA
I_4,4,Italy x Sweden,Dormant,Litter,1,0,0,NA
I_4,4,Italy x Sweden,Dormant,Litter,2,0,0,NA
I_4,4,Italy x Sweden,Dormant,Litter,3,27,57,0.47368421052631576
I_5,5,Germany x Tajikistan,Non-Dormant,Control,1,0,7,0
I_5,5,Germany x Tajikistan,Non-Dormant,Control,2,0,4,0
I_5,5,Germany x Tajikistan,Non-Dormant,Control,3,0,0,NA
I_6,5,Germany x Tajikistan,Dormant,Litter,1,0,12,0
I_6,5,Germany x Tajikistan,Dormant,Litter,2,0,0,NA
I_7,5,Italy x Sweden,Non-Dormant,High Humidity,1,0,3,0
I_7,5,Italy x Sweden,Non-Dormant,High Humidity,2,0,35,0
I_7,5,Italy x Sweden,Non-Dormant,High Humidity,3,0,0,NA
I_8,5,Germany x Tajikistan,Non-Dormant,Litter,1,0,8,0
I_8,5,Germany x Tajikistan,Non-Dormant,Litter,2,0,0,NA
I_9,5,Italy x Sweden,Mixed,High Humidity,1,0,20,0
I_9,5,Italy x Sweden,Mixed,High Humidity,2,0,120,0
I_9,5,Italy x Sweden,Mixed,High Humidity,3,1,4,0.25
J_10,5,UK x USA,Non-Dormant,Control,1,0,0,NA
J_10,5,UK x USA,Non-Dormant,Control,2,0,70,0
J_10,5,UK x USA,Non-Dormant,Control,3,1,2,0.5
J_11,8,Italy x Sweden,Dormant,High Humidity,1,1,5,0.2
J_11,8,Italy x Sweden,Dormant,High Humidity,2,0,3,0
J_11,8,Italy x Sweden,Dormant,High Humidity,3,29,42,0.6904761904761905
J_12,8,Italy x Sweden,Non-Dormant,Control,1,0,4,0
J_12,8,Italy x Sweden,Non-Dormant,Control,2,0,6,0
J_12,8,Italy x Sweden,Non-Dormant,Control,3,0,2,0
J_2,4,Italy x Sweden,Dormant,Native Soil,1,18,24,0.75
J_2,4,Italy x Sweden,Dormant,Native Soil,2,19,41,0.4634146341463415
J_2,4,Italy x Sweden,Dormant,Native Soil,3,8,78,0.10256410256410256
J_3,4,UK x USA,Mixed,Control,1,0,11,0
J_3,4,UK x USA,Mixed,Control,2,0,1,0
J_3,4,UK x USA,Mixed,Control,3,4,21,0.19047619047619047
J_4,4,Italy x Sweden,Mixed,Native Soil,1,7,10,0.7
J_4,4,Italy x Sweden,Mixed,Native Soil,2,0,72,0
J_4,4,Italy x Sweden,Mixed,Native Soil,3,28,76,0.3684210526315789
J_5,5,Italy x Sweden,Dormant,Native Soil,1,25,26,0.9615384615384616
J_5,5,Italy x Sweden,Dormant,Native Soil,2,0,130,0
J_5,5,Italy x Sweden,Dormant,Native Soil,3,29,88,0.32954545454545453
J_6,5,Italy x Sweden,Non-Dormant,Native Soil,1,4,8,0.5
J_6,5,Italy x Sweden,Non-Dormant,Native Soil,2,0,7,0
J_6,5,Italy x Sweden,Non-Dormant,Native Soil,3,3,3,1
J_7,5,Italy x Sweden,Dormant,High Humidity,1,3,10,0.3
J_7,5,Italy x Sweden,Dormant,High Humidity,2,0,3,0
J_7,5,Italy x Sweden,Dormant,High Humidity,3,15,45,0.3333333333333333
J_8,5,Germany x Tajikistan,Mixed,Control,1,1,1,1
J_8,5,Germany x Tajikistan,Mixed,Control,2,0,10,0
J_8,5,Germany x Tajikistan,Mixed,Control,3,0,0,NA
J_9,5,Italy x Sweden,Mixed,Native Soil,1,17,23,0.7391304347826086
J_9,5,Italy x Sweden,Mixed,Native Soil,2,9,156,0.057692307692307696
J_9,5,Italy x Sweden,Mixed,Native Soil,3,71,182,0.3901098901098901
K_1,7,Italy x Sweden,Non-Dormant,Litter,1,0,0,NA
K_1,7,Italy x Sweden,Non-Dormant,Litter,2,0,5,0
K_1,7,Italy x Sweden,Non-Dormant,Litter,3,3,46,0.06521739130434782
K_10,8,Italy x Sweden,Non-Dormant,Litter,1,0,4,0
K_10,8,Italy x Sweden,Non-Dormant,Litter,2,0,15,0
K_10,8,Italy x Sweden,Non-Dormant,Litter,3,4,4,1
K_11,8,Italy x Sweden,Mixed,High Humidity,1,0,28,0
K_11,8,Italy x Sweden,Mixed,High Humidity,2,0,5,0
K_11,8,Italy x Sweden,Mixed,High Humidity,3,1,2,0.5
K_12,8,Italy x Sweden,Dormant,Litter,1,0,1,0
K_12,8,Italy x Sweden,Dormant,Litter,2,0,13,0
K_12,8,Italy x Sweden,Dormant,Litter,3,5,7,0.7142857142857143
K_13,8,Germany x Tajikistan,Mixed,Control,1,0,3,0
K_13,8,Germany x Tajikistan,Mixed,Control,2,0,2,0
K_13,8,Germany x Tajikistan,Mixed,Control,3,0,0,NA
K_2,7,UK x USA,Dormant,Control,1,0,3,0
K_2,7,UK x USA,Dormant,Control,2,0,70,0
K_2,7,UK x USA,Dormant,Control,3,4,15,0.26666666666666666
K_3,7,UK x USA,Mixed,Control,1,0,0,NA
K_3,7,UK x USA,Mixed,Control,2,0,54,0
K_3,7,UK x USA,Mixed,Control,3,0,0,NA
K_4,7,Italy x Sweden,Dormant,Control,1,0,0,NA
K_4,7,Italy x Sweden,Dormant,Control,2,0,256,0
K_4,7,Italy x Sweden,Dormant,Control,3,11,13,0.8461538461538461
K_5,7,Italy x Sweden,Non-Dormant,High Humidity,1,0,14,0
K_5,7,Italy x Sweden,Non-Dormant,High Humidity,2,0,3,0
K_5,7,Italy x Sweden,Non-Dormant,High Humidity,3,1,1,1
K_6,7,Italy x Sweden,Mixed,Litter,1,0,0,NA
K_6,7,Italy x Sweden,Mixed,Litter,2,0,2,0
K_6,7,Italy x Sweden,Mixed,Litter,3,1,1,1
K_7,7,Germany x Tajikistan,Mixed,Control,1,0,5,0
K_7,7,Germany x Tajikistan,Mixed,Control,2,0,27,0
K_7,7,Germany x Tajikistan,Mixed,Control,3,0,1,0
K_8,8,Italy x Sweden,Non-Dormant,High Humidity,1,0,1,0
K_8,8,Italy x Sweden,Non-Dormant,High Humidity,2,0,5,0
K_8,8,Italy x Sweden,Non-Dormant,High Humidity,3,0,3,0
K_9,8,Germany x Tajikistan,Dormant,Litter,1,0,9,0
K_9,8,Germany x Tajikistan,Dormant,Litter,2,0,2,0
L_1,7,Italy x Sweden,Dormant,High Humidity,1,1,5,0.2
L_1,7,Italy x Sweden,Dormant,High Humidity,2,0,212,0
L_1,7,Italy x Sweden,Dormant,High Humidity,3,3,4,0.75
L_10,8,Italy x Sweden,Dormant,Native Soil,1,5,5,1
L_10,8,Italy x Sweden,Dormant,Native Soil,2,0,5,0
L_10,8,Italy x Sweden,Dormant,Native Soil,3,3,5,0.6
L_11,8,Italy x Sweden,Dormant,Control,1,4,7,0.5714285714285714
L_11,8,Italy x Sweden,Dormant,Control,2,0,29,0
L_11,8,Italy x Sweden,Dormant,Control,3,100,169,0.591715976331361
L_12,8,UK x USA,Dormant,Control,1,0,7,0
L_12,8,UK x USA,Dormant,Control,2,0,154,0
L_12,8,UK x USA,Dormant,Control,3,6,9,0.6666666666666666
L_13,8,Germany x Tajikistan,Dormant,Control,1,7,24,0.2916666666666667
L_13,8,Germany x Tajikistan,Dormant,Control,2,1,18,0.05555555555555555
L_13,8,Germany x Tajikistan,Dormant,Control,3,3,44,0.06818181818181818
L_2,7,Italy x Sweden,Dormant,Litter,1,0,4,0
L_2,7,Italy x Sweden,Dormant,Litter,2,0,28,0
L_2,7,Italy x Sweden,Dormant,Litter,3,4,7,0.5714285714285714
L_3,7,Italy x Sweden,Dormant,Native Soil,1,2,2,1
L_3,7,Italy x Sweden,Dormant,Native Soil,2,0,2,0
L_3,7,Italy x Sweden,Dormant,Native Soil,3,19,25,0.76
L_4,7,UK x USA,Non-Dormant,Control,1,0,1,0
L_4,7,UK x USA,Non-Dormant,Control,2,0,2,0
L_4,7,UK x USA,Non-Dormant,Control,3,0,0,NA
L_5,7,Germany x Tajikistan,Dormant,Litter,1,27,60,0.45
L_5,7,Germany x Tajikistan,Dormant,Litter,2,0,10,0
L_6,7,Italy x Sweden,Mixed,High Humidity,1,2,7,0.2857142857142857
L_6,7,Italy x Sweden,Mixed,High Humidity,2,0,16,0
L_6,7,Italy x Sweden,Mixed,High Humidity,3,69,96,0.71875
L_7,7,Italy x Sweden,Mixed,Native Soil,1,9,15,0.6
L_7,7,Italy x Sweden,Mixed,Native Soil,2,32,116,0.27586206896551724
L_7,7,Italy x Sweden,Mixed,Native Soil,3,23,32,0.71875
L_8,8,Germany x Tajikistan,Non-Dormant,Control,1,0,1,0
L_8,8,Germany x Tajikistan,Non-Dormant,Control,2,0,10,0
L_8,8,Germany x Tajikistan,Non-Dormant,Control,3,0,0,NA
L_9,8,UK x USA,Non-Dormant,Control,1,0,1,0
L_9,8,UK x USA,Non-Dormant,Control,2,1,15,0.06666666666666667
L_9,8,UK x USA,Non-Dormant,Control,3,0,0,NA
M_1,7,Italy x Sweden,Non-Dormant,Native Soil,1,8,8,1
M_1,7,Italy x Sweden,Non-Dormant,Native Soil,2,0,68,0
M_1,7,Italy x Sweden,Non-Dormant,Native Soil,3,2,10,0.2
M_10,8,Germany x Tajikistan,Non-Dormant,Litter,1,0,3,0
M_10,8,Germany x Tajikistan,Non-Dormant,Litter,2,0,4,0
M_11,8,Italy x Sweden,Mixed,Litter,1,6,10,0.6
M_11,8,Italy x Sweden,Mixed,Litter,2,0,21,0
M_11,8,Italy x Sweden,Mixed,Litter,3,65,65,1
M_12,8,Italy x Sweden,Non-Dormant,Native Soil,1,3,6,0.5
M_12,8,Italy x Sweden,Non-Dormant,Native Soil,2,0,26,0
M_12,8,Italy x Sweden,Non-Dormant,Native Soil,3,0,0,NA
M_13,8,Italy x Sweden,Mixed,Native Soil,1,13,28,0.4642857142857143
M_13,8,Italy x Sweden,Mixed,Native Soil,2,0,17,0
M_13,8,Italy x Sweden,Mixed,Native Soil,3,1,3,0.3333333333333333
M_2,7,Germany x Tajikistan,Dormant,Control,1,0,2,0
M_2,7,Germany x Tajikistan,Dormant,Control,2,0,11,0
M_2,7,Germany x Tajikistan,Dormant,Control,3,0,0,NA
M_3,7,Germany x Tajikistan,Non-Dormant,Litter,1,0,0,NA
M_3,7,Germany x Tajikistan,Non-Dormant,Litter,2,0,23,0
M_4,7,Germany x Tajikistan,Non-Dormant,Control,1,0,0,NA
M_4,7,Germany x Tajikistan,Non-Dormant,Control,2,0,10,0
M_4,7,Germany x Tajikistan,Non-Dormant,Control,3,0,0,NA
M_5,7,Italy x Sweden,Non-Dormant,Control,1,0,0,NA
M_5,7,Italy x Sweden,Non-Dormant,Control,2,0,26,0
M_5,7,Italy x Sweden,Non-Dormant,Control,3,0,0,NA
M_6,7,Italy x Sweden,Mixed,Control,1,15,31,0.4838709677419355
M_6,7,Italy x Sweden,Mixed,Control,2,0,6,0
M_6,7,Italy x Sweden,Mixed,Control,3,16,26,0.6153846153846154
M_8,8,UK x USA,Mixed,Control,1,9,18,0.5
M_8,8,UK x USA,Mixed,Control,2,25,60,0.4166666666666667
M_8,8,UK x USA,Mixed,Control,3,76,183,0.41530054644808745
M_9,8,Italy x Sweden,Mixed,Control,1,22,36,0.6111111111111112
M_9,8,Italy x Sweden,Mixed,Control,2,0,13,0
M_9,8,Italy x Sweden,Mixed,Control,3,68,161,0.422360248447205
