PopId,Season,Year,Block,RILSet,Dormancy,Envt,Ident,TotPopSurv,TotPopAdjNew,seasonalEst
A_0,1_Autumn,1,1,Italy x Sweden,Dormant,Litter,1-IS_D_F,54,56,0.9642857142857143
A_0,1_Summer,1,1,Italy x Sweden,Dormant,Litter,1-IS_D_F,0,0,NA
A_0,2_Autumn,2,1,Italy x Sweden,Dormant,Litter,1-IS_D_F,0,18,0
A_0,2_Summer,2,1,Italy x Sweden,Dormant,Litter,1-IS_D_F,0,0,NA
A_1,1_Autumn,1,1,Germany x Tajikistan,Dormant,Control,1-BS_D_C,21,32,0.65625
A_1,1_Summer,1,1,Germany x Tajikistan,Dormant,Control,1-BS_D_C,0,0,NA
A_1,2_Autumn,2,1,Germany x Tajikistan,Dormant,Control,1-BS_D_C,0,0,NA
A_1,2_Summer,2,1,Germany x Tajikistan,Dormant,Control,1-BS_D_C,81,291,0.27835051546391754
A_10,1_Autumn,1,3,Italy x Sweden,Non-Dormant,Litter,3-IS_ND_F,1,1,1
A_10,1_Summer,1,3,Italy x Sweden,Non-Dormant,Litter,3-IS_ND_F,0,3,0
A_10,2_Autumn,2,3,Italy x Sweden,Non-Dormant,Litter,3-IS_ND_F,0,0,NA
A_10,2_Summer,2,3,Italy x Sweden,Non-Dormant,Litter,3-IS_ND_F,0,0,NA
A_11,1_Autumn,1,3,UK x USA,Dormant,Control,3-TC_D_C,0,0,NA
A_11,1_Summer,1,3,UK x USA,Dormant,Control,3-TC_D_C,0,0,NA
A_11,2_Autumn,2,3,UK x USA,Dormant,Control,3-TC_D_C,0,0,NA
A_11,2_Summer,2,3,UK x USA,Dormant,Control,3-TC_D_C,7,43,0.16279069767441862
A_12,1_Autumn,1,3,Germany x Tajikistan,Mixed,Control,3-BS_M_C,0,4,0
A_12,1_Summer,1,3,Germany x Tajikistan,Mixed,Control,3-BS_M_C,0,0,NA
A_12,2_Autumn,2,3,Germany x Tajikistan,Mixed,Control,3-BS_M_C,0,0,NA
A_12,2_Summer,2,3,Germany x Tajikistan,Mixed,Control,3-BS_M_C,8,31,0.25806451612903225
A_2,1_Autumn,1,1,UK x USA,Dormant,Control,1-TC_D_C,1,12,0.08333333333333333
A_2,1_Summer,1,1,UK x USA,Dormant,Control,1-TC_D_C,0,0,NA
A_2,2_Autumn,2,1,UK x USA,Dormant,Control,1-TC_D_C,0,0,NA
A_2,2_Summer,2,1,UK x USA,Dormant,Control,1-TC_D_C,0,4,0
A_3,1_Autumn,1,1,Italy x Sweden,Non-Dormant,Litter,1-IS_ND_F,168,226,0.7433628318584071
A_3,1_Summer,1,1,Italy x Sweden,Non-Dormant,Litter,1-IS_ND_F,0,14,0
A_3,2_Autumn,2,1,Italy x Sweden,Non-Dormant,Litter,1-IS_ND_F,0,6,0
A_3,2_Summer,2,1,Italy x Sweden,Non-Dormant,Litter,1-IS_ND_F,0,0,NA
A_4,1_Autumn,1,1,Italy x Sweden,Mixed,High Humidity,1-IS_M_D,110,116,0.9482758620689655
A_4,1_Summer,1,1,Italy x Sweden,Mixed,High Humidity,1-IS_M_D,0,0,NA
A_4,2_Autumn,2,1,Italy x Sweden,Mixed,High Humidity,1-IS_M_D,189,435,0.43448275862068964
A_4,2_Summer,2,1,Italy x Sweden,Mixed,High Humidity,1-IS_M_D,55,103,0.5339805825242718
A_5,1_Autumn,1,2,Italy x Sweden,Mixed,Litter,2-IS_M_F,3,19,0.15789473684210525
A_5,1_Summer,1,2,Italy x Sweden,Mixed,Litter,2-IS_M_F,0,1,0
A_5,2_Autumn,2,2,Italy x Sweden,Mixed,Litter,2-IS_M_F,1,1,1
A_5,2_Summer,2,2,Italy x Sweden,Mixed,Litter,2-IS_M_F,0,0,NA
A_6,1_Autumn,1,2,Germany x Tajikistan,Dormant,Litter,2-BS_D_F,0,4,0
A_6,1_Summer,1,2,Germany x Tajikistan,Dormant,Litter,2-BS_D_F,0,0,NA
A_6,2_Autumn,2,2,Germany x Tajikistan,Dormant,Litter,2-BS_D_F,0,0,NA
A_6,2_Summer,2,2,Germany x Tajikistan,Dormant,Litter,2-BS_D_F,0,0,NA
A_7,1_Autumn,1,2,Italy x Sweden,Mixed,Native Soil,2-IS-M-Soil,19,19,1
A_7,1_Summer,1,2,Italy x Sweden,Mixed,Native Soil,2-IS-M-Soil,0,0,NA
A_7,2_Autumn,2,2,Italy x Sweden,Mixed,Native Soil,2-IS-M-Soil,0,0,NA
A_7,2_Summer,2,2,Italy x Sweden,Mixed,Native Soil,2-IS-M-Soil,0,0,NA
A_8,1_Autumn,1,2,UK x USA,Mixed,Control,2-TC_M_C,11,14,0.7857142857142857
A_8,1_Summer,1,2,UK x USA,Mixed,Control,2-TC_M_C,0,0,NA
A_8,2_Autumn,2,2,UK x USA,Mixed,Control,2-TC_M_C,0,0,NA
A_8,2_Summer,2,2,UK x USA,Mixed,Control,2-TC_M_C,13,24,0.5416666666666666
A_9,1_Autumn,1,3,Italy x Sweden,Dormant,Native Soil,3-IS-D-Soil,25,28,0.8928571428571429
A_9,1_Summer,1,3,Italy x Sweden,Dormant,Native Soil,3-IS-D-Soil,0,1,0
A_9,2_Autumn,2,3,Italy x Sweden,Dormant,Native Soil,3-IS-D-Soil,0,2,0
A_9,2_Summer,2,3,Italy x Sweden,Dormant,Native Soil,3-IS-D-Soil,0,0,NA
B_0,1_Autumn,1,1,Italy x Sweden,Dormant,Native Soil,1-IS-D-Soil,9,9,1
B_0,1_Summer,1,1,Italy x Sweden,Dormant,Native Soil,1-IS-D-Soil,0,0,NA
B_0,2_Autumn,2,1,Italy x Sweden,Dormant,Native Soil,1-IS-D-Soil,0,0,NA
B_0,2_Summer,2,1,Italy x Sweden,Dormant,Native Soil,1-IS-D-Soil,0,0,NA
B_1,1_Autumn,1,1,Italy x Sweden,Mixed,Control,1-IS_M_C,13,13,1
B_1,1_Summer,1,1,Italy x Sweden,Mixed,Control,1-IS_M_C,1,19,0.05263157894736842
B_1,2_Autumn,2,1,Italy x Sweden,Mixed,Control,1-IS_M_C,0,0,NA
B_1,2_Summer,2,1,Italy x Sweden,Mixed,Control,1-IS_M_C,12,78,0.15384615384615385
B_10,1_Autumn,1,3,UK x USA,Non-Dormant,Control,3-TC_ND_C,0,1,0
B_10,1_Summer,1,3,UK x USA,Non-Dormant,Control,3-TC_ND_C,0,0,NA
B_10,2_Autumn,2,3,UK x USA,Non-Dormant,Control,3-TC_ND_C,0,0,NA
B_10,2_Summer,2,3,UK x USA,Non-Dormant,Control,3-TC_ND_C,0,0,NA
B_11,1_Autumn,1,3,Italy x Sweden,Non-Dormant,Native Soil,3-IS-ND-Soil,11,11,1
B_11,1_Summer,1,3,Italy x Sweden,Non-Dormant,Native Soil,3-IS-ND-Soil,0,0,NA
B_11,2_Autumn,2,3,Italy x Sweden,Non-Dormant,Native Soil,3-IS-ND-Soil,0,0,NA
B_11,2_Summer,2,3,Italy x Sweden,Non-Dormant,Native Soil,3-IS-ND-Soil,0,2,0
B_12,1_Autumn,1,3,Italy x Sweden,Mixed,Native Soil,3-IS-M-Soil,1,1,1
B_12,1_Summer,1,3,Italy x Sweden,Mixed,Native Soil,3-IS-M-Soil,0,1,0
B_12,2_Autumn,2,3,Italy x Sweden,Mixed,Native Soil,3-IS-M-Soil,0,0,NA
B_12,2_Summer,2,3,Italy x Sweden,Mixed,Native Soil,3-IS-M-Soil,0,1,0
B_13,1_Autumn,1,3,Italy x Sweden,Dormant,Litter,3-IS_D_F,0,0,NA
B_13,1_Summer,1,3,Italy x Sweden,Dormant,Litter,3-IS_D_F,0,0,NA
B_13,2_Autumn,2,3,Italy x Sweden,Dormant,Litter,3-IS_D_F,0,0,NA
B_13,2_Summer,2,3,Italy x Sweden,Dormant,Litter,3-IS_D_F,0,0,NA
B_2,1_Autumn,1,1,Italy x Sweden,Non-Dormant,High Humidity,1-IS_ND_D,362,403,0.8982630272952854
B_2,1_Summer,1,1,Italy x Sweden,Non-Dormant,High Humidity,1-IS_ND_D,3,18,0.16666666666666666
B_2,2_Autumn,2,1,Italy x Sweden,Non-Dormant,High Humidity,1-IS_ND_D,0,0,NA
B_2,2_Summer,2,1,Italy x Sweden,Non-Dormant,High Humidity,1-IS_ND_D,41,94,0.43617021276595747
B_3,1_Autumn,1,1,Germany x Tajikistan,Non-Dormant,Control,1-BS_ND_C,0,0,NA
B_3,1_Summer,1,1,Germany x Tajikistan,Non-Dormant,Control,1-BS_ND_C,0,0,NA
B_3,2_Autumn,2,1,Germany x Tajikistan,Non-Dormant,Control,1-BS_ND_C,0,0,NA
B_3,2_Summer,2,1,Germany x Tajikistan,Non-Dormant,Control,1-BS_ND_C,1,7,0.14285714285714285
B_4,1_Autumn,1,1,Italy x Sweden,Dormant,High Humidity,1-IS_D_D,47,51,0.9215686274509803
B_4,1_Summer,1,1,Italy x Sweden,Dormant,High Humidity,1-IS_D_D,0,0,NA
B_4,2_Autumn,2,1,Italy x Sweden,Dormant,High Humidity,1-IS_D_D,7,26,0.2692307692307692
B_4,2_Summer,2,1,Italy x Sweden,Dormant,High Humidity,1-IS_D_D,0,5,0
B_5,1_Autumn,1,2,UK x USA,Dormant,Control,2-TC_D_C,0,9,0
B_5,1_Summer,1,2,UK x USA,Dormant,Control,2-TC_D_C,0,0,NA
B_5,2_Autumn,2,2,UK x USA,Dormant,Control,2-TC_D_C,0,0,NA
B_5,2_Summer,2,2,UK x USA,Dormant,Control,2-TC_D_C,21,45,0.4666666666666667
B_6,1_Autumn,1,2,Italy x Sweden,Non-Dormant,High Humidity,2-IS_ND_D,10,19,0.5263157894736842
B_6,1_Summer,1,2,Italy x Sweden,Non-Dormant,High Humidity,2-IS_ND_D,0,1,0
B_6,2_Autumn,2,2,Italy x Sweden,Non-Dormant,High Humidity,2-IS_ND_D,7,205,0.03414634146341464
B_6,2_Summer,2,2,Italy x Sweden,Non-Dormant,High Humidity,2-IS_ND_D,0,6,0
B_7,1_Autumn,1,2,Italy x Sweden,Mixed,Control,2-IS_M_C,11,11,1
B_7,1_Summer,1,2,Italy x Sweden,Mixed,Control,2-IS_M_C,0,0,NA
B_7,2_Autumn,2,2,Italy x Sweden,Mixed,Control,2-IS_M_C,0,16,0
B_7,2_Summer,2,2,Italy x Sweden,Mixed,Control,2-IS_M_C,0,37,0
B_8,1_Autumn,1,2,Germany x Tajikistan,Non-Dormant,Control,2-BS_ND_C,1,5,0.2
B_8,1_Summer,1,2,Germany x Tajikistan,Non-Dormant,Control,2-BS_ND_C,0,0,NA
B_8,2_Autumn,2,2,Germany x Tajikistan,Non-Dormant,Control,2-BS_ND_C,0,0,NA
B_8,2_Summer,2,2,Germany x Tajikistan,Non-Dormant,Control,2-BS_ND_C,26,45,0.5777777777777777
B_9,1_Autumn,1,3,UK x USA,Mixed,Control,3-TC_M_C,0,9,0
B_9,1_Summer,1,3,UK x USA,Mixed,Control,3-TC_M_C,0,0,NA
B_9,2_Autumn,2,3,UK x USA,Mixed,Control,3-TC_M_C,0,0,NA
B_9,2_Summer,2,3,UK x USA,Mixed,Control,3-TC_M_C,0,13,0
C_0,1_Autumn,1,1,Germany x Tajikistan,Non-Dormant,Litter,1-BS_ND_F,2,2,1
C_0,1_Summer,1,1,Germany x Tajikistan,Non-Dormant,Litter,1-BS_ND_F,0,0,NA
C_0,2_Autumn,2,1,Germany x Tajikistan,Non-Dormant,Litter,1-BS_ND_F,0,0,NA
C_0,2_Summer,2,1,Germany x Tajikistan,Non-Dormant,Litter,1-BS_ND_F,0,0,NA
C_1,1_Autumn,1,1,Italy x Sweden,Dormant,Control,1-IS_D_C,6,18,0.3333333333333333
C_1,1_Summer,1,1,Italy x Sweden,Dormant,Control,1-IS_D_C,0,2,0
C_1,2_Autumn,2,1,Italy x Sweden,Dormant,Control,1-IS_D_C,0,0,NA
C_1,2_Summer,2,1,Italy x Sweden,Dormant,Control,1-IS_D_C,0,17,0
C_10,1_Autumn,1,3,Italy x Sweden,Dormant,High Humidity,3-IS_D_D,1,17,0.058823529411764705
C_10,1_Summer,1,3,Italy x Sweden,Dormant,High Humidity,3-IS_D_D,0,2,0
C_10,2_Autumn,2,3,Italy x Sweden,Dormant,High Humidity,3-IS_D_D,10,48,0.20833333333333334
C_10,2_Summer,2,3,Italy x Sweden,Dormant,High Humidity,3-IS_D_D,0,0,NA
C_11,1_Autumn,1,3,Germany x Tajikistan,Non-Dormant,Litter,3-BS_ND_F,0,0,NA
C_11,1_Summer,1,3,Germany x Tajikistan,Non-Dormant,Litter,3-BS_ND_F,0,0,NA
C_11,2_Autumn,2,3,Germany x Tajikistan,Non-Dormant,Litter,3-BS_ND_F,0,2,0
C_11,2_Summer,2,3,Germany x Tajikistan,Non-Dormant,Litter,3-BS_ND_F,0,0,NA
C_12,1_Autumn,1,3,Germany x Tajikistan,Dormant,Control,3-BS_D_C,0,1,0
C_12,1_Summer,1,3,Germany x Tajikistan,Dormant,Control,3-BS_D_C,0,0,NA
C_12,2_Autumn,2,3,Germany x Tajikistan,Dormant,Control,3-BS_D_C,0,0,NA
C_12,2_Summer,2,3,Germany x Tajikistan,Dormant,Control,3-BS_D_C,1,3,0.3333333333333333
C_13,1_Autumn,1,3,Italy x Sweden,Mixed,High Humidity,3-IS_M_D,0,0,NA
C_13,1_Summer,1,3,Italy x Sweden,Mixed,High Humidity,3-IS_M_D,1,3,0.3333333333333333
C_13,2_Autumn,2,3,Italy x Sweden,Mixed,High Humidity,3-IS_M_D,0,0,NA
C_13,2_Summer,2,3,Italy x Sweden,Mixed,High Humidity,3-IS_M_D,0,0,NA
C_2,1_Autumn,1,1,Italy x Sweden,Non-Dormant,Control,1-IS_ND_C,0,0,NA
C_2,1_Summer,1,1,Italy x Sweden,Non-Dormant,Control,1-IS_ND_C,1,1,1
C_2,2_Autumn,2,1,Italy x Sweden,Non-Dormant,Control,1-IS_ND_C,0,0,NA
C_2,2_Summer,2,1,Italy x Sweden,Non-Dormant,Control,1-IS_ND_C,0,32,0
C_3,1_Autumn,1,1,Italy x Sweden,Mixed,Litter,1-IS_M_F,18,18,1
C_3,1_Summer,1,1,Italy x Sweden,Mixed,Litter,1-IS_M_F,1,6,0.16666666666666666
C_3,2_Autumn,2,1,Italy x Sweden,Mixed,Litter,1-IS_M_F,0,0,NA
C_3,2_Summer,2,1,Italy x Sweden,Mixed,Litter,1-IS_M_F,0,0,NA
C_4,1_Autumn,1,1,Germany x Tajikistan,Dormant,Litter,1-BS_D_F,5,8,0.625
C_4,1_Summer,1,1,Germany x Tajikistan,Dormant,Litter,1-BS_D_F,0,0,NA
C_4,2_Autumn,2,1,Germany x Tajikistan,Dormant,Litter,1-BS_D_F,0,0,NA
C_4,2_Summer,2,1,Germany x Tajikistan,Dormant,Litter,1-BS_D_F,0,0,NA
C_5,1_Autumn,1,2,UK x USA,Non-Dormant,Control,2-TC_ND_C,0,0,NA
C_5,1_Summer,1,2,UK x USA,Non-Dormant,Control,2-TC_ND_C,0,0,NA
C_5,2_Autumn,2,2,UK x USA,Non-Dormant,Control,2-TC_ND_C,0,0,NA
C_5,2_Summer,2,2,UK x USA,Non-Dormant,Control,2-TC_ND_C,18,38,0.47368421052631576
C_6,1_Autumn,1,2,Germany x Tajikistan,Dormant,Control,2-BS_D_C,1,5,0.2
C_6,1_Summer,1,2,Germany x Tajikistan,Dormant,Control,2-BS_D_C,0,0,NA
C_6,2_Autumn,2,2,Germany x Tajikistan,Dormant,Control,2-BS_D_C,0,0,NA
C_6,2_Summer,2,2,Germany x Tajikistan,Dormant,Control,2-BS_D_C,23,24,0.9583333333333334
C_7,1_Autumn,1,2,Italy x Sweden,Dormant,Control,2-IS_D_C,0,6,0
C_7,1_Summer,1,2,Italy x Sweden,Dormant,Control,2-IS_D_C,0,0,NA
C_7,2_Autumn,2,2,Italy x Sweden,Dormant,Control,2-IS_D_C,1,1,1
C_7,2_Summer,2,2,Italy x Sweden,Dormant,Control,2-IS_D_C,0,4,0
C_9,1_Autumn,1,3,Italy x Sweden,Mixed,Control,3-IS_M_C,0,1,0
C_9,1_Summer,1,3,Italy x Sweden,Mixed,Control,3-IS_M_C,0,0,NA
C_9,2_Autumn,2,3,Italy x Sweden,Mixed,Control,3-IS_M_C,0,0,NA
C_9,2_Summer,2,3,Italy x Sweden,Mixed,Control,3-IS_M_C,0,2,0
D_0,1_Autumn,1,1,UK x USA,Mixed,Control,1-TC_M_C,40,43,0.9302325581395349
D_0,1_Summer,1,1,UK x USA,Mixed,Control,1-TC_M_C,0,0,NA
D_0,2_Autumn,2,1,UK x USA,Mixed,Control,1-TC_M_C,0,0,NA
D_0,2_Summer,2,1,UK x USA,Mixed,Control,1-TC_M_C,10,33,0.30303030303030304
D_1,1_Autumn,1,1,Germany x Tajikistan,Mixed,Control,1-BS_M_C,0,13,0
D_1,1_Summer,1,1,Germany x Tajikistan,Mixed,Control,1-BS_M_C,0,0,NA
D_1,2_Autumn,2,1,Germany x Tajikistan,Mixed,Control,1-BS_M_C,0,0,NA
D_1,2_Summer,2,1,Germany x Tajikistan,Mixed,Control,1-BS_M_C,149,205,0.7268292682926829
D_10,1_Autumn,1,3,Italy x Sweden,Mixed,Litter,3-IS_M_F,1,6,0.16666666666666666
D_10,1_Summer,1,3,Italy x Sweden,Mixed,Litter,3-IS_M_F,0,2,0
D_10,2_Autumn,2,3,Italy x Sweden,Mixed,Litter,3-IS_M_F,0,0,NA
D_10,2_Summer,2,3,Italy x Sweden,Mixed,Litter,3-IS_M_F,0,41,0
D_11,1_Autumn,1,3,Germany x Tajikistan,Non-Dormant,Control,3-BS_ND_C,0,4,0
D_11,1_Summer,1,3,Germany x Tajikistan,Non-Dormant,Control,3-BS_ND_C,0,0,NA
D_11,2_Autumn,2,3,Germany x Tajikistan,Non-Dormant,Control,3-BS_ND_C,0,0,NA
D_11,2_Summer,2,3,Germany x Tajikistan,Non-Dormant,Control,3-BS_ND_C,4,11,0.36363636363636365
D_12,1_Autumn,1,3,Germany x Tajikistan,Dormant,Litter,3-BS_D_F,0,0,NA
D_12,1_Summer,1,3,Germany x Tajikistan,Dormant,Litter,3-BS_D_F,0,0,NA
D_12,2_Autumn,2,3,Germany x Tajikistan,Dormant,Litter,3-BS_D_F,0,0,NA
D_12,2_Summer,2,3,Germany x Tajikistan,Dormant,Litter,3-BS_D_F,0,0,NA
D_13,1_Autumn,1,3,Italy x Sweden,Dormant,Control,3-IS_D_C,2,2,1
D_13,1_Summer,1,3,Italy x Sweden,Dormant,Control,3-IS_D_C,1,2,0.5
D_13,2_Autumn,2,3,Italy x Sweden,Dormant,Control,3-IS_D_C,0,0,NA
D_13,2_Summer,2,3,Italy x Sweden,Dormant,Control,3-IS_D_C,0,2,0
D_2,1_Autumn,1,1,Italy x Sweden,Non-Dormant,Native Soil,1-IS-ND-Soil,3,3,1
D_2,1_Summer,1,1,Italy x Sweden,Non-Dormant,Native Soil,1-IS-ND-Soil,0,0,NA
D_2,2_Autumn,2,1,Italy x Sweden,Non-Dormant,Native Soil,1-IS-ND-Soil,3,3,1
D_2,2_Summer,2,1,Italy x Sweden,Non-Dormant,Native Soil,1-IS-ND-Soil,0,4,0
D_3,1_Autumn,1,1,Italy x Sweden,Mixed,Native Soil,1-IS-M-Soil,5,5,1
D_3,1_Summer,1,1,Italy x Sweden,Mixed,Native Soil,1-IS-M-Soil,0,1,0
D_3,2_Autumn,2,1,Italy x Sweden,Mixed,Native Soil,1-IS-M-Soil,0,0,NA
D_3,2_Summer,2,1,Italy x Sweden,Mixed,Native Soil,1-IS-M-Soil,2,5,0.4
D_4,1_Autumn,1,1,UK x USA,Non-Dormant,Control,1-TC_ND_C,0,6,0
D_4,1_Summer,1,1,UK x USA,Non-Dormant,Control,1-TC_ND_C,0,0,NA
D_4,2_Autumn,2,1,UK x USA,Non-Dormant,Control,1-TC_ND_C,0,0,NA
D_4,2_Summer,2,1,UK x USA,Non-Dormant,Control,1-TC_ND_C,1,17,0.058823529411764705
D_5,1_Autumn,1,2,Italy x Sweden,Mixed,High Humidity,2-IS_M_D,37,45,0.8222222222222222
D_5,1_Summer,1,2,Italy x Sweden,Mixed,High Humidity,2-IS_M_D,0,4,0
D_5,2_Autumn,2,2,Italy x Sweden,Mixed,High Humidity,2-IS_M_D,166,221,0.751131221719457
D_5,2_Summer,2,2,Italy x Sweden,Mixed,High Humidity,2-IS_M_D,11,14,0.7857142857142857
D_6,1_Autumn,1,2,Italy x Sweden,Dormant,High Humidity,2-IS_D_D,23,24,0.9583333333333334
D_6,1_Summer,1,2,Italy x Sweden,Dormant,High Humidity,2-IS_D_D,0,0,NA
D_6,2_Autumn,2,2,Italy x Sweden,Dormant,High Humidity,2-IS_D_D,4,77,0.05194805194805195
D_6,2_Summer,2,2,Italy x Sweden,Dormant,High Humidity,2-IS_D_D,12,20,0.6
D_8,1_Autumn,1,2,Italy x Sweden,Non-Dormant,Litter,2-IS_ND_F,2,2,1
D_8,1_Summer,1,2,Italy x Sweden,Non-Dormant,Litter,2-IS_ND_F,0,9,0
D_8,2_Autumn,2,2,Italy x Sweden,Non-Dormant,Litter,2-IS_ND_F,6,56,0.10714285714285714
D_8,2_Summer,2,2,Italy x Sweden,Non-Dormant,Litter,2-IS_ND_F,0,1,0
D_9,1_Autumn,1,3,Italy x Sweden,Non-Dormant,Control,3-IS_ND_C,2,23,0.08695652173913043
D_9,1_Summer,1,3,Italy x Sweden,Non-Dormant,Control,3-IS_ND_C,0,5,0
D_9,2_Autumn,2,3,Italy x Sweden,Non-Dormant,Control,3-IS_ND_C,0,0,NA
D_9,2_Summer,2,3,Italy x Sweden,Non-Dormant,Control,3-IS_ND_C,0,2,0
E_1,1_Autumn,1,4,Italy x Sweden,Non-Dormant,Native Soil,4-IS-ND-Soil,20,20,1
E_1,1_Summer,1,4,Italy x Sweden,Non-Dormant,Native Soil,4-IS-ND-Soil,0,5,0
E_1,2_Autumn,2,4,Italy x Sweden,Non-Dormant,Native Soil,4-IS-ND-Soil,0,0,NA
E_1,2_Summer,2,4,Italy x Sweden,Non-Dormant,Native Soil,4-IS-ND-Soil,0,3,0
E_10,1_Autumn,1,6,Germany x Tajikistan,Mixed,Control,6-BS_M_C,0,0,NA
E_10,1_Summer,1,6,Germany x Tajikistan,Mixed,Control,6-BS_M_C,0,0,NA
E_10,2_Autumn,2,6,Germany x Tajikistan,Mixed,Control,6-BS_M_C,0,0,NA
E_10,2_Summer,2,6,Germany x Tajikistan,Mixed,Control,6-BS_M_C,0,16,0
E_11,1_Autumn,1,6,Italy x Sweden,Dormant,Control,6-IS_D_C,0,0,NA
E_11,1_Summer,1,6,Italy x Sweden,Dormant,Control,6-IS_D_C,0,0,NA
E_11,2_Autumn,2,6,Italy x Sweden,Dormant,Control,6-IS_D_C,0,0,NA
E_11,2_Summer,2,6,Italy x Sweden,Dormant,Control,6-IS_D_C,0,1,0
E_12,1_Autumn,1,6,Italy x Sweden,Mixed,Control,6-IS_M_C,0,0,NA
E_12,1_Summer,1,6,Italy x Sweden,Mixed,Control,6-IS_M_C,0,1,0
E_12,2_Autumn,2,6,Italy x Sweden,Mixed,Control,6-IS_M_C,0,0,NA
E_12,2_Summer,2,6,Italy x Sweden,Mixed,Control,6-IS_M_C,0,7,0
E_13,1_Autumn,1,3,Italy x Sweden,Non-Dormant,High Humidity,3-IS-ND-D,0,2,0
E_13,1_Summer,1,3,Italy x Sweden,Non-Dormant,High Humidity,3-IS-ND-D,2,13,0.15384615384615385
E_13,2_Autumn,2,3,Italy x Sweden,Non-Dormant,High Humidity,3-IS-ND-D,0,0,NA
E_13,2_Summer,2,3,Italy x Sweden,Non-Dormant,High Humidity,3-IS-ND-D,0,89,0
E_2,1_Autumn,1,4,Italy x Sweden,Mixed,Control,4-IS_M_C,17,23,0.7391304347826086
E_2,1_Summer,1,4,Italy x Sweden,Mixed,Control,4-IS_M_C,0,6,0
E_2,2_Autumn,2,4,Italy x Sweden,Mixed,Control,4-IS_M_C,0,0,NA
E_2,2_Summer,2,4,Italy x Sweden,Mixed,Control,4-IS_M_C,0,54,0
E_3,1_Autumn,1,4,Italy x Sweden,Non-Dormant,Control,4-IS_ND_C,13,14,0.9285714285714286
E_3,1_Summer,1,4,Italy x Sweden,Non-Dormant,Control,4-IS_ND_C,0,3,0
E_3,2_Autumn,2,4,Italy x Sweden,Non-Dormant,Control,4-IS_ND_C,0,0,NA
E_3,2_Summer,2,4,Italy x Sweden,Non-Dormant,Control,4-IS_ND_C,30,61,0.4918032786885246
E_4,1_Autumn,1,4,Germany x Tajikistan,Non-Dormant,Litter,4-BS_ND_F,0,8,0
E_4,1_Summer,1,4,Germany x Tajikistan,Non-Dormant,Litter,4-BS_ND_F,0,0,NA
E_4,2_Autumn,2,4,Germany x Tajikistan,Non-Dormant,Litter,4-BS_ND_F,0,0,NA
E_4,2_Summer,2,4,Germany x Tajikistan,Non-Dormant,Litter,4-BS_ND_F,0,0,NA
E_5,1_Autumn,1,2,Germany x Tajikistan,Non-Dormant,Litter,2-BS_ND_F,0,1,0
E_5,1_Summer,1,2,Germany x Tajikistan,Non-Dormant,Litter,2-BS_ND_F,0,0,NA
E_5,2_Autumn,2,2,Germany x Tajikistan,Non-Dormant,Litter,2-BS_ND_F,0,0,NA
E_5,2_Summer,2,2,Germany x Tajikistan,Non-Dormant,Litter,2-BS_ND_F,0,0,NA
E_7,1_Autumn,1,2,Italy x Sweden,Dormant,Litter,2-IS_D_F,1,14,0.07142857142857142
E_7,1_Summer,1,2,Italy x Sweden,Dormant,Litter,2-IS_D_F,0,1,0
E_7,2_Autumn,2,2,Italy x Sweden,Dormant,Litter,2-IS_D_F,0,0,NA
E_7,2_Summer,2,2,Italy x Sweden,Dormant,Litter,2-IS_D_F,6,23,0.2608695652173913
E_8,1_Autumn,1,2,Italy x Sweden,Non-Dormant,Control,2-IS_ND_C,1,3,0.3333333333333333
E_8,1_Summer,1,2,Italy x Sweden,Non-Dormant,Control,2-IS_ND_C,0,1,0
E_8,2_Autumn,2,2,Italy x Sweden,Non-Dormant,Control,2-IS_ND_C,0,0,NA
E_8,2_Summer,2,2,Italy x Sweden,Non-Dormant,Control,2-IS_ND_C,1,11,0.09090909090909091
E_9,1_Autumn,1,6,Italy x Sweden,Dormant,Native Soil,6-IS-D-Soil,8,8,1
E_9,1_Summer,1,6,Italy x Sweden,Dormant,Native Soil,6-IS-D-Soil,0,0,NA
E_9,2_Autumn,2,6,Italy x Sweden,Dormant,Native Soil,6-IS-D-Soil,7,30,0.23333333333333334
E_9,2_Summer,2,6,Italy x Sweden,Dormant,Native Soil,6-IS-D-Soil,0,1,0
F_1,1_Autumn,1,4,Germany x Tajikistan,Dormant,Control,4-BS_D_C,7,7,1
F_1,1_Summer,1,4,Germany x Tajikistan,Dormant,Control,4-BS_D_C,0,0,NA
F_1,2_Autumn,2,4,Germany x Tajikistan,Dormant,Control,4-BS_D_C,0,0,NA
F_1,2_Summer,2,4,Germany x Tajikistan,Dormant,Control,4-BS_D_C,16,39,0.41025641025641024
F_10,1_Autumn,1,6,Germany x Tajikistan,Dormant,Control,6-BS_D_C,2,8,0.25
F_10,1_Summer,1,6,Germany x Tajikistan,Dormant,Control,6-BS_D_C,0,0,NA
F_10,2_Autumn,2,6,Germany x Tajikistan,Dormant,Control,6-BS_D_C,0,0,NA
F_10,2_Summer,2,6,Germany x Tajikistan,Dormant,Control,6-BS_D_C,0,12,0
F_11,1_Autumn,1,6,UK x USA,Mixed,Control,6-TC_M_C,0,0,NA
F_11,1_Summer,1,6,UK x USA,Mixed,Control,6-TC_M_C,0,0,NA
F_11,2_Autumn,2,6,UK x USA,Mixed,Control,6-TC_M_C,0,0,NA
F_11,2_Summer,2,6,UK x USA,Mixed,Control,6-TC_M_C,0,1,0
F_12,1_Autumn,1,6,Italy x Sweden,Non-Dormant,Native Soil,6-IS-ND-Soil,6,6,1
F_12,1_Summer,1,6,Italy x Sweden,Non-Dormant,Native Soil,6-IS-ND-Soil,0,3,0
F_12,2_Autumn,2,6,Italy x Sweden,Non-Dormant,Native Soil,6-IS-ND-Soil,0,2,0
F_12,2_Summer,2,6,Italy x Sweden,Non-Dormant,Native Soil,6-IS-ND-Soil,0,65,0
F_13,1_Autumn,1,6,Germany x Tajikistan,Dormant,Litter,6-BS_D_F,0,0,NA
F_13,1_Summer,1,6,Germany x Tajikistan,Dormant,Litter,6-BS_D_F,0,0,NA
F_13,2_Autumn,2,6,Germany x Tajikistan,Dormant,Litter,6-BS_D_F,0,0,NA
F_13,2_Summer,2,6,Germany x Tajikistan,Dormant,Litter,6-BS_D_F,0,0,NA
F_2,1_Autumn,1,4,UK x USA,Non-Dormant,Control,4-TC_ND_C,2,6,0.3333333333333333
F_2,1_Summer,1,4,UK x USA,Non-Dormant,Control,4-TC_ND_C,0,0,NA
F_2,2_Autumn,2,4,UK x USA,Non-Dormant,Control,4-TC_ND_C,0,0,NA
F_2,2_Summer,2,4,UK x USA,Non-Dormant,Control,4-TC_ND_C,18,36,0.5
F_3,1_Autumn,1,4,Italy x Sweden,Dormant,High Humidity,4-IS_D_D,38,62,0.6129032258064516
F_3,1_Summer,1,4,Italy x Sweden,Dormant,High Humidity,4-IS_D_D,0,0,NA
F_3,2_Autumn,2,4,Italy x Sweden,Dormant,High Humidity,4-IS_D_D,120,157,0.7643312101910829
F_3,2_Summer,2,4,Italy x Sweden,Dormant,High Humidity,4-IS_D_D,15,17,0.8823529411764706
F_4,1_Autumn,1,4,Italy x Sweden,Mixed,High Humidity,4-IS_M_D,27,34,0.7941176470588235
F_4,1_Summer,1,4,Italy x Sweden,Mixed,High Humidity,4-IS_M_D,0,3,0
F_4,2_Autumn,2,4,Italy x Sweden,Mixed,High Humidity,4-IS_M_D,180,263,0.6844106463878327
F_4,2_Summer,2,4,Italy x Sweden,Mixed,High Humidity,4-IS_M_D,0,2,0
F_6,1_Autumn,1,2,Italy x Sweden,Dormant,Native Soil,2-IS-D-Soil,17,17,1
F_6,1_Summer,1,2,Italy x Sweden,Dormant,Native Soil,2-IS-D-Soil,0,0,NA
F_6,2_Autumn,2,2,Italy x Sweden,Dormant,Native Soil,2-IS-D-Soil,15,40,0.375
F_6,2_Summer,2,2,Italy x Sweden,Dormant,Native Soil,2-IS-D-Soil,0,8,0
F_7,1_Autumn,1,2,Germany x Tajikistan,Mixed,Control,2-BS_M_C,0,7,0
F_7,1_Summer,1,2,Germany x Tajikistan,Mixed,Control,2-BS_M_C,0,0,NA
F_7,2_Autumn,2,2,Germany x Tajikistan,Mixed,Control,2-BS_M_C,0,0,NA
F_7,2_Summer,2,2,Germany x Tajikistan,Mixed,Control,2-BS_M_C,36,151,0.23841059602649006
F_8,1_Autumn,1,2,Italy x Sweden,Non-Dormant,Native Soil,2-IS-ND-Soil,16,17,0.9411764705882353
F_8,1_Summer,1,2,Italy x Sweden,Non-Dormant,Native Soil,2-IS-ND-Soil,0,1,0
F_8,2_Autumn,2,2,Italy x Sweden,Non-Dormant,Native Soil,2-IS-ND-Soil,0,0,NA
F_8,2_Summer,2,2,Italy x Sweden,Non-Dormant,Native Soil,2-IS-ND-Soil,0,56,0
F_9,1_Autumn,1,6,Italy x Sweden,Non-Dormant,Control,6-IS_ND_C,0,0,NA
F_9,1_Summer,1,6,Italy x Sweden,Non-Dormant,Control,6-IS_ND_C,1,3,0.3333333333333333
F_9,2_Autumn,2,6,Italy x Sweden,Non-Dormant,Control,6-IS_ND_C,0,0,NA
F_9,2_Summer,2,6,Italy x Sweden,Non-Dormant,Control,6-IS_ND_C,0,0,NA
G_1,1_Autumn,1,4,Germany x Tajikistan,Non-Dormant,Control,4-BS_ND_C,0,7,0
G_1,1_Summer,1,4,Germany x Tajikistan,Non-Dormant,Control,4-BS_ND_C,0,0,NA
G_1,2_Autumn,2,4,Germany x Tajikistan,Non-Dormant,Control,4-BS_ND_C,0,0,NA
G_1,2_Summer,2,4,Germany x Tajikistan,Non-Dormant,Control,4-BS_ND_C,4,11,0.36363636363636365
G_10,1_Autumn,1,6,Italy x Sweden,Mixed,Litter,6-IS_M_F,3,4,0.75
G_10,1_Summer,1,6,Italy x Sweden,Mixed,Litter,6-IS_M_F,1,6,0.16666666666666666
G_10,2_Autumn,2,6,Italy x Sweden,Mixed,Litter,6-IS_M_F,0,0,NA
G_10,2_Summer,2,6,Italy x Sweden,Mixed,Litter,6-IS_M_F,0,0,NA
G_11,1_Autumn,1,6,Italy x Sweden,Mixed,Native Soil,6-IS-M-Soil,3,3,1
G_11,1_Summer,1,6,Italy x Sweden,Mixed,Native Soil,6-IS-M-Soil,0,0,NA
G_11,2_Autumn,2,6,Italy x Sweden,Mixed,Native Soil,6-IS-M-Soil,73,77,0.948051948051948
G_11,2_Summer,2,6,Italy x Sweden,Mixed,Native Soil,6-IS-M-Soil,0,14,0
G_12,1_Autumn,1,6,UK x USA,Dormant,Control,6-TC_D_C,1,3,0.3333333333333333
G_12,1_Summer,1,6,UK x USA,Dormant,Control,6-TC_D_C,0,0,NA
G_12,2_Autumn,2,6,UK x USA,Dormant,Control,6-TC_D_C,0,0,NA
G_12,2_Summer,2,6,UK x USA,Dormant,Control,6-TC_D_C,20,75,0.26666666666666666
G_13,1_Autumn,1,6,Germany x Tajikistan,Non-Dormant,Litter,6-BS_ND_F,0,0,NA
G_13,1_Summer,1,6,Germany x Tajikistan,Non-Dormant,Litter,6-BS_ND_F,0,0,NA
G_13,2_Autumn,2,6,Germany x Tajikistan,Non-Dormant,Litter,6-BS_ND_F,0,0,NA
G_13,2_Summer,2,6,Germany x Tajikistan,Non-Dormant,Litter,6-BS_ND_F,0,0,NA
G_2,1_Autumn,1,4,Italy x Sweden,Dormant,Control,4-IS_D_C,2,4,0.5
G_2,1_Summer,1,4,Italy x Sweden,Dormant,Control,4-IS_D_C,0,1,0
G_2,2_Autumn,2,4,Italy x Sweden,Dormant,Control,4-IS_D_C,0,0,NA
G_2,2_Summer,2,4,Italy x Sweden,Dormant,Control,4-IS_D_C,7,23,0.30434782608695654
G_3,1_Autumn,1,4,Italy x Sweden,Mixed,Litter,4-IS_M_F,10,10,1
G_3,1_Summer,1,4,Italy x Sweden,Mixed,Litter,4-IS_M_F,0,5,0
G_3,2_Autumn,2,4,Italy x Sweden,Mixed,Litter,4-IS_M_F,0,0,NA
G_3,2_Summer,2,4,Italy x Sweden,Mixed,Litter,4-IS_M_F,0,9,0
G_5,1_Autumn,1,5,Italy x Sweden,Dormant,Control,5-IS_D_C,1,3,0.3333333333333333
G_5,1_Summer,1,5,Italy x Sweden,Dormant,Control,5-IS_D_C,0,3,0
G_5,2_Autumn,2,5,Italy x Sweden,Dormant,Control,5-IS_D_C,0,0,NA
G_5,2_Summer,2,5,Italy x Sweden,Dormant,Control,5-IS_D_C,2,186,0.010752688172043012
G_6,1_Autumn,1,5,UK x USA,Mixed,Control,5-TC_M_C,16,22,0.7272727272727273
G_6,1_Summer,1,5,UK x USA,Mixed,Control,5-TC_M_C,0,0,NA
G_6,2_Autumn,2,5,UK x USA,Mixed,Control,5-TC_M_C,0,0,NA
G_6,2_Summer,2,5,UK x USA,Mixed,Control,5-TC_M_C,5,11,0.45454545454545453
G_7,1_Autumn,1,5,Italy x Sweden,Mixed,Control,5-IS_M_C,2,3,0.6666666666666666
G_7,1_Summer,1,5,Italy x Sweden,Mixed,Control,5-IS_M_C,0,1,0
G_7,2_Autumn,2,5,Italy x Sweden,Mixed,Control,5-IS_M_C,0,0,NA
G_7,2_Summer,2,5,Italy x Sweden,Mixed,Control,5-IS_M_C,3,5,0.6
G_8,1_Autumn,1,5,Germany x Tajikistan,Dormant,Control,5-BS_D_C,0,0,NA
G_8,1_Summer,1,5,Germany x Tajikistan,Dormant,Control,5-BS_D_C,0,0,NA
G_8,2_Autumn,2,5,Germany x Tajikistan,Dormant,Control,5-BS_D_C,0,0,NA
G_8,2_Summer,2,5,Germany x Tajikistan,Dormant,Control,5-BS_D_C,24,28,0.8571428571428571
G_9,1_Autumn,1,6,Italy x Sweden,Dormant,High Humidity,6-IS_D_D,3,14,0.21428571428571427
G_9,1_Summer,1,6,Italy x Sweden,Dormant,High Humidity,6-IS_D_D,0,2,0
G_9,2_Autumn,2,6,Italy x Sweden,Dormant,High Humidity,6-IS_D_D,0,3,0
G_9,2_Summer,2,6,Italy x Sweden,Dormant,High Humidity,6-IS_D_D,11,13,0.8461538461538461
H_1,1_Autumn,1,4,UK x USA,Dormant,Control,4-TC_D_C,0,1,0
H_1,1_Summer,1,4,UK x USA,Dormant,Control,4-TC_D_C,0,0,NA
H_1,2_Autumn,2,4,UK x USA,Dormant,Control,4-TC_D_C,0,0,NA
H_1,2_Summer,2,4,UK x USA,Dormant,Control,4-TC_D_C,1,9,0.1111111111111111
H_10,1_Autumn,1,6,Italy x Sweden,Mixed,High Humidity,6-IS_M_D,44,47,0.9361702127659575
H_10,1_Summer,1,6,Italy x Sweden,Mixed,High Humidity,6-IS_M_D,0,3,0
H_10,2_Autumn,2,6,Italy x Sweden,Mixed,High Humidity,6-IS_M_D,0,130,0
H_10,2_Summer,2,6,Italy x Sweden,Mixed,High Humidity,6-IS_M_D,0,0,NA
H_11,1_Autumn,1,6,UK x USA,Non-Dormant,Control,6-TC_ND_C,0,0,NA
H_11,1_Summer,1,6,UK x USA,Non-Dormant,Control,6-TC_ND_C,0,0,NA
H_11,2_Autumn,2,6,UK x USA,Non-Dormant,Control,6-TC_ND_C,0,0,NA
H_11,2_Summer,2,6,UK x USA,Non-Dormant,Control,6-TC_ND_C,7,56,0.125
H_12,1_Autumn,1,6,Italy x Sweden,Dormant,Litter,6-IS_D_F,6,6,1
H_12,1_Summer,1,6,Italy x Sweden,Dormant,Litter,6-IS_D_F,0,1,0
H_12,2_Autumn,2,6,Italy x Sweden,Dormant,Litter,6-IS_D_F,0,0,NA
H_12,2_Summer,2,6,Italy x Sweden,Dormant,Litter,6-IS_D_F,4,4,1
H_2,1_Autumn,1,4,Italy x Sweden,Non-Dormant,Litter,4-IS_ND_F,0,0,NA
H_2,1_Summer,1,4,Italy x Sweden,Non-Dormant,Litter,4-IS_ND_F,0,1,0
H_2,2_Autumn,2,4,Italy x Sweden,Non-Dormant,Litter,4-IS_ND_F,0,0,NA
H_2,2_Summer,2,4,Italy x Sweden,Non-Dormant,Litter,4-IS_ND_F,0,0,NA
H_4,1_Autumn,1,4,Germany x Tajikistan,Dormant,Litter,4-BS_D_F,0,1,0
H_4,1_Summer,1,4,Germany x Tajikistan,Dormant,Litter,4-BS_D_F,0,0,NA
H_4,2_Autumn,2,4,Germany x Tajikistan,Dormant,Litter,4-BS_D_F,0,0,NA
H_4,2_Summer,2,4,Germany x Tajikistan,Dormant,Litter,4-BS_D_F,0,0,NA
H_5,1_Autumn,1,5,UK x USA,Dormant,Control,5-TC_D_C,5,6,0.8333333333333334
H_5,1_Summer,1,5,UK x USA,Dormant,Control,5-TC_D_C,0,0,NA
H_5,2_Autumn,2,5,UK x USA,Dormant,Control,5-TC_D_C,0,0,NA
H_5,2_Summer,2,5,UK x USA,Dormant,Control,5-TC_D_C,0,2,0
H_6,1_Autumn,1,5,Italy x Sweden,Non-Dormant,Litter,5-IS_ND_F,0,2,0
H_6,1_Summer,1,5,Italy x Sweden,Non-Dormant,Litter,5-IS_ND_F,0,3,0
H_6,2_Autumn,2,5,Italy x Sweden,Non-Dormant,Litter,5-IS_ND_F,0,0,NA
H_6,2_Summer,2,5,Italy x Sweden,Non-Dormant,Litter,5-IS_ND_F,1,5,0.2
H_7,1_Autumn,1,5,Italy x Sweden,Non-Dormant,Control,5-IS_ND_C,0,0,NA
H_7,1_Summer,1,5,Italy x Sweden,Non-Dormant,Control,5-IS_ND_C,1,3,0.3333333333333333
H_7,2_Autumn,2,5,Italy x Sweden,Non-Dormant,Control,5-IS_ND_C,0,0,NA
H_7,2_Summer,2,5,Italy x Sweden,Non-Dormant,Control,5-IS_ND_C,45,48,0.9375
H_8,1_Autumn,1,5,Italy x Sweden,Dormant,Litter,5-IS_D_F,1,2,0.5
H_8,1_Summer,1,5,Italy x Sweden,Dormant,Litter,5-IS_D_F,0,1,0
H_8,2_Autumn,2,5,Italy x Sweden,Dormant,Litter,5-IS_D_F,0,0,NA
H_8,2_Summer,2,5,Italy x Sweden,Dormant,Litter,5-IS_D_F,2,28,0.07142857142857142
H_9,1_Autumn,1,6,Germany x Tajikistan,Non-Dormant,Control,6-BS_ND_C,0,0,NA
H_9,1_Summer,1,6,Germany x Tajikistan,Non-Dormant,Control,6-BS_ND_C,0,0,NA
H_9,2_Autumn,2,6,Germany x Tajikistan,Non-Dormant,Control,6-BS_ND_C,0,0,NA
H_9,2_Summer,2,6,Germany x Tajikistan,Non-Dormant,Control,6-BS_ND_C,63,122,0.5163934426229508
I_1,1_Autumn,1,4,Italy x Sweden,Non-Dormant,High Humidity,4-IS_ND_D,0,1,0
I_1,1_Summer,1,4,Italy x Sweden,Non-Dormant,High Humidity,4-IS_ND_D,0,2,0
I_1,2_Autumn,2,4,Italy x Sweden,Non-Dormant,High Humidity,4-IS_ND_D,0,0,NA
I_1,2_Summer,2,4,Italy x Sweden,Non-Dormant,High Humidity,4-IS_ND_D,0,0,NA
I_10,1_Autumn,1,5,Italy x Sweden,Mixed,Litter,5-IS_M_F,3,4,0.75
I_10,1_Summer,1,5,Italy x Sweden,Mixed,Litter,5-IS_M_F,0,4,0
I_10,2_Autumn,2,5,Italy x Sweden,Mixed,Litter,5-IS_M_F,0,0,NA
I_10,2_Summer,2,5,Italy x Sweden,Mixed,Litter,5-IS_M_F,0,62,0
I_11,1_Autumn,1,6,Italy x Sweden,Non-Dormant,Litter,6-IS_ND_F,0,0,NA
I_11,1_Summer,1,6,Italy x Sweden,Non-Dormant,Litter,6-IS_ND_F,0,0,NA
I_11,2_Autumn,2,6,Italy x Sweden,Non-Dormant,Litter,6-IS_ND_F,0,0,NA
I_11,2_Summer,2,6,Italy x Sweden,Non-Dormant,Litter,6-IS_ND_F,0,7,0
I_12,1_Autumn,1,6,Italy x Sweden,Non-Dormant,High Humidity,6-IS_ND_D,1,2,0.5
I_12,1_Summer,1,6,Italy x Sweden,Non-Dormant,High Humidity,6-IS_ND_D,0,14,0
I_12,2_Autumn,2,6,Italy x Sweden,Non-Dormant,High Humidity,6-IS_ND_D,0,0,NA
I_12,2_Summer,2,6,Italy x Sweden,Non-Dormant,High Humidity,6-IS_ND_D,0,16,0
I_3,1_Autumn,1,4,Germany x Tajikistan,Mixed,Control,4-BS_M_C,9,9,1
I_3,1_Summer,1,4,Germany x Tajikistan,Mixed,Control,4-BS_M_C,0,0,NA
I_3,2_Autumn,2,4,Germany x Tajikistan,Mixed,Control,4-BS_M_C,0,0,NA
I_3,2_Summer,2,4,Germany x Tajikistan,Mixed,Control,4-BS_M_C,0,0,NA
I_4,1_Autumn,1,4,Italy x Sweden,Dormant,Litter,4-IS_D_F,0,0,NA
I_4,1_Summer,1,4,Italy x Sweden,Dormant,Litter,4-IS_D_F,0,0,NA
I_4,2_Autumn,2,4,Italy x Sweden,Dormant,Litter,4-IS_D_F,0,0,NA
I_4,2_Summer,2,4,Italy x Sweden,Dormant,Litter,4-IS_D_F,0,0,NA
I_5,1_Autumn,1,5,Germany x Tajikistan,Non-Dormant,Control,5-BS_ND_C,2,7,0.2857142857142857
I_5,1_Summer,1,5,Germany x Tajikistan,Non-Dormant,Control,5-BS_ND_C,0,0,NA
I_5,2_Autumn,2,5,Germany x Tajikistan,Non-Dormant,Control,5-BS_ND_C,0,0,NA
I_5,2_Summer,2,5,Germany x Tajikistan,Non-Dormant,Control,5-BS_ND_C,2,4,0.5
I_6,1_Autumn,1,5,Germany x Tajikistan,Dormant,Litter,5-BS_D_F,6,12,0.5
I_6,1_Summer,1,5,Germany x Tajikistan,Dormant,Litter,5-BS_D_F,0,0,NA
I_6,2_Autumn,2,5,Germany x Tajikistan,Dormant,Litter,5-BS_D_F,0,0,NA
I_6,2_Summer,2,5,Germany x Tajikistan,Dormant,Litter,5-BS_D_F,0,0,NA
I_7,1_Autumn,1,5,Italy x Sweden,Non-Dormant,High Humidity,5-IS_ND_D,0,0,NA
I_7,1_Summer,1,5,Italy x Sweden,Non-Dormant,High Humidity,5-IS_ND_D,0,2,0
I_7,2_Autumn,2,5,Italy x Sweden,Non-Dormant,High Humidity,5-IS_ND_D,0,0,NA
I_7,2_Summer,2,5,Italy x Sweden,Non-Dormant,High Humidity,5-IS_ND_D,20,35,0.5714285714285714
I_8,1_Autumn,1,5,Germany x Tajikistan,Non-Dormant,Litter,5-BS_ND_F,1,8,0.125
I_8,1_Summer,1,5,Germany x Tajikistan,Non-Dormant,Litter,5-BS_ND_F,0,0,NA
I_8,2_Autumn,2,5,Germany x Tajikistan,Non-Dormant,Litter,5-BS_ND_F,0,0,NA
I_8,2_Summer,2,5,Germany x Tajikistan,Non-Dormant,Litter,5-BS_ND_F,0,0,NA
I_9,1_Autumn,1,5,Italy x Sweden,Mixed,High Humidity,5-IS_M_D,1,7,0.14285714285714285
I_9,1_Summer,1,5,Italy x Sweden,Mixed,High Humidity,5-IS_M_D,0,12,0
I_9,2_Autumn,2,5,Italy x Sweden,Mixed,High Humidity,5-IS_M_D,0,0,NA
I_9,2_Summer,2,5,Italy x Sweden,Mixed,High Humidity,5-IS_M_D,20,120,0.16666666666666666
J_10,1_Autumn,1,5,UK x USA,Non-Dormant,Control,5-TC_ND_C,0,0,NA
J_10,1_Summer,1,5,UK x USA,Non-Dormant,Control,5-TC_ND_C,0,0,NA
J_10,2_Autumn,2,5,UK x USA,Non-Dormant,Control,5-TC_ND_C,0,0,NA
J_10,2_Summer,2,5,UK x USA,Non-Dormant,Control,5-TC_ND_C,4,70,0.05714285714285714
J_11,1_Autumn,1,8,Italy x Sweden,Dormant,High Humidity,8-IS_D_D,2,5,0.4
J_11,1_Summer,1,8,Italy x Sweden,Dormant,High Humidity,8-IS_D_D,0,0,NA
J_11,2_Autumn,2,8,Italy x Sweden,Dormant,High Humidity,8-IS_D_D,0,0,NA
J_11,2_Summer,2,8,Italy x Sweden,Dormant,High Humidity,8-IS_D_D,0,3,0
J_12,1_Autumn,1,8,Italy x Sweden,Non-Dormant,Control,8-IS_ND_C,1,4,0.25
J_12,1_Summer,1,8,Italy x Sweden,Non-Dormant,Control,8-IS_ND_C,0,0,NA
J_12,2_Autumn,2,8,Italy x Sweden,Non-Dormant,Control,8-IS_ND_C,0,0,NA
J_12,2_Summer,2,8,Italy x Sweden,Non-Dormant,Control,8-IS_ND_C,3,6,0.5
J_2,1_Autumn,1,4,Italy x Sweden,Dormant,Native Soil,4-IS-D-Soil,18,18,1
J_2,1_Summer,1,4,Italy x Sweden,Dormant,Native Soil,4-IS-D-Soil,0,1,0
J_2,2_Autumn,2,4,Italy x Sweden,Dormant,Native Soil,4-IS-D-Soil,32,32,1
J_2,2_Summer,2,4,Italy x Sweden,Dormant,Native Soil,4-IS-D-Soil,0,2,0
J_3,1_Autumn,1,4,UK x USA,Mixed,Control,4-TC_M_C,2,11,0.18181818181818182
J_3,1_Summer,1,4,UK x USA,Mixed,Control,4-TC_M_C,0,0,NA
J_3,2_Autumn,2,4,UK x USA,Mixed,Control,4-TC_M_C,0,0,NA
J_3,2_Summer,2,4,UK x USA,Mixed,Control,4-TC_M_C,0,1,0
J_4,1_Autumn,1,4,Italy x Sweden,Mixed,Native Soil,4-IS-M-Soil,5,5,1
J_4,1_Summer,1,4,Italy x Sweden,Mixed,Native Soil,4-IS-M-Soil,0,2,0
J_4,2_Autumn,2,4,Italy x Sweden,Mixed,Native Soil,4-IS-M-Soil,0,0,NA
J_4,2_Summer,2,4,Italy x Sweden,Mixed,Native Soil,4-IS-M-Soil,0,72,0
J_5,1_Autumn,1,5,Italy x Sweden,Dormant,Native Soil,5-IS-D-Soil,25,25,1
J_5,1_Summer,1,5,Italy x Sweden,Dormant,Native Soil,5-IS-D-Soil,0,0,NA
J_5,2_Autumn,2,5,Italy x Sweden,Dormant,Native Soil,5-IS-D-Soil,0,47,0
J_5,2_Summer,2,5,Italy x Sweden,Dormant,Native Soil,5-IS-D-Soil,82,83,0.9879518072289156
J_6,1_Autumn,1,5,Italy x Sweden,Non-Dormant,Native Soil,5-IS-ND-Soil,4,4,1
J_6,1_Summer,1,5,Italy x Sweden,Non-Dormant,Native Soil,5-IS-ND-Soil,0,0,NA
J_6,2_Autumn,2,5,Italy x Sweden,Non-Dormant,Native Soil,5-IS-ND-Soil,0,0,NA
J_6,2_Summer,2,5,Italy x Sweden,Non-Dormant,Native Soil,5-IS-ND-Soil,0,7,0
J_7,1_Autumn,1,5,Italy x Sweden,Dormant,High Humidity,5-IS_D_D,5,8,0.625
J_7,1_Summer,1,5,Italy x Sweden,Dormant,High Humidity,5-IS_D_D,0,2,0
J_7,2_Autumn,2,5,Italy x Sweden,Dormant,High Humidity,5-IS_D_D,0,0,NA
J_7,2_Summer,2,5,Italy x Sweden,Dormant,High Humidity,5-IS_D_D,0,3,0
J_8,1_Autumn,1,5,Germany x Tajikistan,Mixed,Control,5-BS_M_C,1,1,1
J_8,1_Summer,1,5,Germany x Tajikistan,Mixed,Control,5-BS_M_C,0,0,NA
J_8,2_Autumn,2,5,Germany x Tajikistan,Mixed,Control,5-BS_M_C,0,0,NA
J_8,2_Summer,2,5,Germany x Tajikistan,Mixed,Control,5-BS_M_C,3,10,0.3
J_9,1_Autumn,1,5,Italy x Sweden,Mixed,Native Soil,5-IS-M-Soil,17,18,0.9444444444444444
J_9,1_Summer,1,5,Italy x Sweden,Mixed,Native Soil,5-IS-M-Soil,0,4,0
J_9,2_Autumn,2,5,Italy x Sweden,Mixed,Native Soil,5-IS-M-Soil,6,9,0.6666666666666666
J_9,2_Summer,2,5,Italy x Sweden,Mixed,Native Soil,5-IS-M-Soil,16,138,0.11594202898550725
K_1,1_Autumn,1,7,Italy x Sweden,Non-Dormant,Litter,7-IS_ND_F,0,0,NA
K_1,1_Summer,1,7,Italy x Sweden,Non-Dormant,Litter,7-IS_ND_F,0,0,NA
K_1,2_Autumn,2,7,Italy x Sweden,Non-Dormant,Litter,7-IS_ND_F,5,5,1
K_1,2_Summer,2,7,Italy x Sweden,Non-Dormant,Litter,7-IS_ND_F,0,0,NA
K_10,1_Autumn,1,8,Italy x Sweden,Non-Dormant,Litter,8-IS_ND_F,0,1,0
K_10,1_Summer,1,8,Italy x Sweden,Non-Dormant,Litter,8-IS_ND_F,0,3,0
K_10,2_Autumn,2,8,Italy x Sweden,Non-Dormant,Litter,8-IS_ND_F,6,15,0.4
K_10,2_Summer,2,8,Italy x Sweden,Non-Dormant,Litter,8-IS_ND_F,0,0,NA
K_11,1_Autumn,1,8,Italy x Sweden,Mixed,High Humidity,8-IS_M_D,9,14,0.6428571428571429
K_11,1_Summer,1,8,Italy x Sweden,Mixed,High Humidity,8-IS_M_D,0,14,0
K_11,2_Autumn,2,8,Italy x Sweden,Mixed,High Humidity,8-IS_M_D,4,5,0.8
K_11,2_Summer,2,8,Italy x Sweden,Mixed,High Humidity,8-IS_M_D,0,0,NA
K_12,1_Autumn,1,8,Italy x Sweden,Dormant,Litter,8-IS_D_F,0,0,NA
K_12,1_Summer,1,8,Italy x Sweden,Dormant,Litter,8-IS_D_F,0,1,0
K_12,2_Autumn,2,8,Italy x Sweden,Dormant,Litter,8-IS_D_F,5,13,0.38461538461538464
K_12,2_Summer,2,8,Italy x Sweden,Dormant,Litter,8-IS_D_F,0,0,NA
K_13,1_Autumn,1,8,Germany x Tajikistan,Mixed,Control,8-BS_M_C,1,3,0.3333333333333333
K_13,1_Summer,1,8,Germany x Tajikistan,Mixed,Control,8-BS_M_C,0,0,NA
K_13,2_Autumn,2,8,Germany x Tajikistan,Mixed,Control,8-BS_M_C,0,2,0
K_13,2_Summer,2,8,Germany x Tajikistan,Mixed,Control,8-BS_M_C,0,0,NA
K_2,1_Autumn,1,7,UK x USA,Dormant,Control,7-TC_D_C,1,3,0.3333333333333333
K_2,1_Summer,1,7,UK x USA,Dormant,Control,7-TC_D_C,0,0,NA
K_2,2_Autumn,2,7,UK x USA,Dormant,Control,7-TC_D_C,0,1,0
K_2,2_Summer,2,7,UK x USA,Dormant,Control,7-TC_D_C,22,68,0.3235294117647059
K_3,1_Autumn,1,7,UK x USA,Mixed,Control,7-TC_M_C,0,0,NA
K_3,1_Summer,1,7,UK x USA,Mixed,Control,7-TC_M_C,0,0,NA
K_3,2_Autumn,2,7,UK x USA,Mixed,Control,7-TC_M_C,13,13,1
K_3,2_Summer,2,7,UK x USA,Mixed,Control,7-TC_M_C,33,33,1
K_4,1_Autumn,1,7,Italy x Sweden,Dormant,Control,7-IS_D_C,0,0,NA
K_4,1_Summer,1,7,Italy x Sweden,Dormant,Control,7-IS_D_C,0,0,NA
K_4,2_Autumn,2,7,Italy x Sweden,Dormant,Control,7-IS_D_C,5,19,0.2631578947368421
K_4,2_Summer,2,7,Italy x Sweden,Dormant,Control,7-IS_D_C,8,95,0.08421052631578947
K_5,1_Autumn,1,7,Italy x Sweden,Non-Dormant,High Humidity,7-IS_ND_D,0,0,NA
K_5,1_Summer,1,7,Italy x Sweden,Non-Dormant,High Humidity,7-IS_ND_D,0,14,0
K_5,2_Autumn,2,7,Italy x Sweden,Non-Dormant,High Humidity,7-IS_ND_D,1,3,0.3333333333333333
K_5,2_Summer,2,7,Italy x Sweden,Non-Dormant,High Humidity,7-IS_ND_D,0,0,NA
K_6,1_Autumn,1,7,Italy x Sweden,Mixed,Litter,7-IS_M_F,0,0,NA
K_6,1_Summer,1,7,Italy x Sweden,Mixed,Litter,7-IS_M_F,0,0,NA
K_6,2_Autumn,2,7,Italy x Sweden,Mixed,Litter,7-IS_M_F,0,2,0
K_6,2_Summer,2,7,Italy x Sweden,Mixed,Litter,7-IS_M_F,0,0,NA
K_7,1_Autumn,1,7,Germany x Tajikistan,Mixed,Control,7-BS_M_C,2,5,0.4
K_7,1_Summer,1,7,Germany x Tajikistan,Mixed,Control,7-BS_M_C,0,0,NA
K_7,2_Autumn,2,7,Germany x Tajikistan,Mixed,Control,7-BS_M_C,1,1,1
K_7,2_Summer,2,7,Germany x Tajikistan,Mixed,Control,7-BS_M_C,26,26,1
K_8,1_Autumn,1,8,Italy x Sweden,Non-Dormant,High Humidity,8-IS_ND_D,0,0,NA
K_8,1_Summer,1,8,Italy x Sweden,Non-Dormant,High Humidity,8-IS_ND_D,0,1,0
K_8,2_Autumn,2,8,Italy x Sweden,Non-Dormant,High Humidity,8-IS_ND_D,0,5,0
K_8,2_Summer,2,8,Italy x Sweden,Non-Dormant,High Humidity,8-IS_ND_D,0,0,NA
K_9,1_Autumn,1,8,Germany x Tajikistan,Dormant,Litter,8-BS_D_F,2,9,0.2222222222222222
K_9,1_Summer,1,8,Germany x Tajikistan,Dormant,Litter,8-BS_D_F,0,0,NA
K_9,2_Autumn,2,8,Germany x Tajikistan,Dormant,Litter,8-BS_D_F,1,2,0.5
K_9,2_Summer,2,8,Germany x Tajikistan,Dormant,Litter,8-BS_D_F,0,0,NA
L_1,1_Autumn,1,7,Italy x Sweden,Dormant,High Humidity,7-IS_D_D,0,3,0
L_1,1_Summer,1,7,Italy x Sweden,Dormant,High Humidity,7-IS_D_D,0,2,0
L_1,2_Autumn,2,7,Italy x Sweden,Dormant,High Humidity,7-IS_D_D,2,15,0.13333333333333333
L_1,2_Summer,2,7,Italy x Sweden,Dormant,High Humidity,7-IS_D_D,0,80,0
L_10,1_Autumn,1,8,Italy x Sweden,Dormant,Native Soil,8-IS-D-Soil,2,2,1
L_10,1_Summer,1,8,Italy x Sweden,Dormant,Native Soil,8-IS-D-Soil,0,0,NA
L_10,2_Autumn,2,8,Italy x Sweden,Dormant,Native Soil,8-IS-D-Soil,2,5,0.4
L_10,2_Summer,2,8,Italy x Sweden,Dormant,Native Soil,8-IS-D-Soil,0,0,NA
L_11,1_Autumn,1,8,Italy x Sweden,Dormant,Control,8-IS_D_C,4,5,0.8
L_11,1_Summer,1,8,Italy x Sweden,Dormant,Control,8-IS_D_C,0,0,NA
L_11,2_Autumn,2,8,Italy x Sweden,Dormant,Control,8-IS_D_C,17,22,0.7727272727272727
L_11,2_Summer,2,8,Italy x Sweden,Dormant,Control,8-IS_D_C,0,7,0
L_12,1_Autumn,1,8,UK x USA,Dormant,Control,8-TC_D_C,0,7,0
L_12,1_Summer,1,8,UK x USA,Dormant,Control,8-TC_D_C,0,0,NA
L_12,2_Autumn,2,8,UK x USA,Dormant,Control,8-TC_D_C,8,37,0.21621621621621623
L_12,2_Summer,2,8,UK x USA,Dormant,Control,8-TC_D_C,0,35,0
L_13,1_Autumn,1,8,Germany x Tajikistan,Dormant,Control,8-BS_D_C,24,24,1
L_13,1_Summer,1,8,Germany x Tajikistan,Dormant,Control,8-BS_D_C,0,0,NA
L_13,2_Autumn,2,8,Germany x Tajikistan,Dormant,Control,8-BS_D_C,15,17,0.8823529411764706
L_13,2_Summer,2,8,Germany x Tajikistan,Dormant,Control,8-BS_D_C,0,0,NA
L_2,1_Autumn,1,7,Italy x Sweden,Dormant,Litter,7-IS_D_F,0,3,0
L_2,1_Summer,1,7,Italy x Sweden,Dormant,Litter,7-IS_D_F,0,1,0
L_2,2_Autumn,2,7,Italy x Sweden,Dormant,Litter,7-IS_D_F,9,28,0.32142857142857145
L_2,2_Summer,2,7,Italy x Sweden,Dormant,Litter,7-IS_D_F,0,0,NA
L_3,1_Autumn,1,7,Italy x Sweden,Dormant,Native Soil,7-IS-D-Soil,2,2,1
L_3,1_Summer,1,7,Italy x Sweden,Dormant,Native Soil,7-IS-D-Soil,0,0,NA
L_3,2_Autumn,2,7,Italy x Sweden,Dormant,Native Soil,7-IS-D-Soil,0,0,NA
L_3,2_Summer,2,7,Italy x Sweden,Dormant,Native Soil,7-IS-D-Soil,1,2,0.5
L_4,1_Autumn,1,7,UK x USA,Non-Dormant,Control,7-TC_ND_C,0,1,0
L_4,1_Summer,1,7,UK x USA,Non-Dormant,Control,7-TC_ND_C,0,0,NA
L_4,2_Autumn,2,7,UK x USA,Non-Dormant,Control,7-TC_ND_C,1,2,0.5
L_4,2_Summer,2,7,UK x USA,Non-Dormant,Control,7-TC_ND_C,0,0,NA
L_5,1_Autumn,1,7,Germany x Tajikistan,Dormant,Litter,7-BS_D_F,12,22,0.5454545454545454
L_5,1_Summer,1,7,Germany x Tajikistan,Dormant,Litter,7-BS_D_F,16,38,0.42105263157894735
L_5,2_Autumn,2,7,Germany x Tajikistan,Dormant,Litter,7-BS_D_F,1,4,0.25
L_5,2_Summer,2,7,Germany x Tajikistan,Dormant,Litter,7-BS_D_F,0,0,NA
L_6,1_Autumn,1,7,Italy x Sweden,Mixed,High Humidity,7-IS_M_D,0,0,NA
L_6,1_Summer,1,7,Italy x Sweden,Mixed,High Humidity,7-IS_M_D,2,7,0.2857142857142857
L_6,2_Autumn,2,7,Italy x Sweden,Mixed,High Humidity,7-IS_M_D,0,0,NA
L_6,2_Summer,2,7,Italy x Sweden,Mixed,High Humidity,7-IS_M_D,13,16,0.8125
L_7,1_Autumn,1,7,Italy x Sweden,Mixed,Native Soil,7-IS-M-Soil,4,4,1
L_7,1_Summer,1,7,Italy x Sweden,Mixed,Native Soil,7-IS-M-Soil,0,4,0
L_7,2_Autumn,2,7,Italy x Sweden,Mixed,Native Soil,7-IS-M-Soil,26,34,0.7647058823529411
L_7,2_Summer,2,7,Italy x Sweden,Mixed,Native Soil,7-IS-M-Soil,16,71,0.22535211267605634
L_8,1_Autumn,1,8,Germany x Tajikistan,Non-Dormant,Control,8-BS_ND_C,0,1,0
L_8,1_Summer,1,8,Germany x Tajikistan,Non-Dormant,Control,8-BS_ND_C,0,0,NA
L_8,2_Autumn,2,8,Germany x Tajikistan,Non-Dormant,Control,8-BS_ND_C,2,10,0.2
L_8,2_Summer,2,8,Germany x Tajikistan,Non-Dormant,Control,8-BS_ND_C,0,0,NA
L_9,1_Autumn,1,8,UK x USA,Non-Dormant,Control,8-TC_ND_C,0,1,0
L_9,1_Summer,1,8,UK x USA,Non-Dormant,Control,8-TC_ND_C,0,0,NA
L_9,2_Autumn,2,8,UK x USA,Non-Dormant,Control,8-TC_ND_C,13,13,1
L_9,2_Summer,2,8,UK x USA,Non-Dormant,Control,8-TC_ND_C,0,0,NA
M_1,1_Autumn,1,7,Italy x Sweden,Non-Dormant,Native Soil,7-IS-ND-Soil,5,5,1
M_1,1_Summer,1,7,Italy x Sweden,Non-Dormant,Native Soil,7-IS-ND-Soil,0,0,NA
M_1,2_Autumn,2,7,Italy x Sweden,Non-Dormant,Native Soil,7-IS-ND-Soil,0,1,0
M_1,2_Summer,2,7,Italy x Sweden,Non-Dormant,Native Soil,7-IS-ND-Soil,6,67,0.08955223880597014
M_10,1_Autumn,1,8,Germany x Tajikistan,Non-Dormant,Litter,8-BS_ND_F,2,3,0.6666666666666666
M_10,1_Summer,1,8,Germany x Tajikistan,Non-Dormant,Litter,8-BS_ND_F,0,0,NA
M_10,2_Autumn,2,8,Germany x Tajikistan,Non-Dormant,Litter,8-BS_ND_F,0,4,0
M_10,2_Summer,2,8,Germany x Tajikistan,Non-Dormant,Litter,8-BS_ND_F,0,0,NA
M_11,1_Autumn,1,8,Italy x Sweden,Mixed,Litter,8-IS_M_F,6,6,1
M_11,1_Summer,1,8,Italy x Sweden,Mixed,Litter,8-IS_M_F,1,4,0.25
M_11,2_Autumn,2,8,Italy x Sweden,Mixed,Litter,8-IS_M_F,4,19,0.21052631578947367
M_11,2_Summer,2,8,Italy x Sweden,Mixed,Litter,8-IS_M_F,0,0,NA
M_12,1_Autumn,1,8,Italy x Sweden,Non-Dormant,Native Soil,8-IS-ND-Soil,2,3,0.6666666666666666
M_12,1_Summer,1,8,Italy x Sweden,Non-Dormant,Native Soil,8-IS-ND-Soil,0,1,0
M_12,2_Autumn,2,8,Italy x Sweden,Non-Dormant,Native Soil,8-IS-ND-Soil,0,5,0
M_12,2_Summer,2,8,Italy x Sweden,Non-Dormant,Native Soil,8-IS-ND-Soil,0,21,0
M_13,1_Autumn,1,8,Italy x Sweden,Mixed,Native Soil,8-IS-M-Soil,12,12,1
M_13,1_Summer,1,8,Italy x Sweden,Mixed,Native Soil,8-IS-M-Soil,0,1,0
M_13,2_Autumn,2,8,Italy x Sweden,Mixed,Native Soil,8-IS-M-Soil,0,7,0
M_13,2_Summer,2,8,Italy x Sweden,Mixed,Native Soil,8-IS-M-Soil,0,10,0
M_2,1_Autumn,1,7,Germany x Tajikistan,Dormant,Control,7-BS_D_C,1,2,0.5
M_2,1_Summer,1,7,Germany x Tajikistan,Dormant,Control,7-BS_D_C,0,0,NA
M_2,2_Autumn,2,7,Germany x Tajikistan,Dormant,Control,7-BS_D_C,1,11,0.09090909090909091
M_2,2_Summer,2,7,Germany x Tajikistan,Dormant,Control,7-BS_D_C,0,0,NA
M_3,1_Autumn,1,7,Germany x Tajikistan,Non-Dormant,Litter,7-BS_ND_F,0,0,NA
M_3,1_Summer,1,7,Germany x Tajikistan,Non-Dormant,Litter,7-BS_ND_F,0,0,NA
M_3,2_Autumn,2,7,Germany x Tajikistan,Non-Dormant,Litter,7-BS_ND_F,5,23,0.21739130434782608
M_3,2_Summer,2,7,Germany x Tajikistan,Non-Dormant,Litter,7-BS_ND_F,0,0,NA
M_4,1_Autumn,1,7,Germany x Tajikistan,Non-Dormant,Control,7-BS_ND_C,0,0,NA
M_4,1_Summer,1,7,Germany x Tajikistan,Non-Dormant,Control,7-BS_ND_C,0,0,NA
M_4,2_Autumn,2,7,Germany x Tajikistan,Non-Dormant,Control,7-BS_ND_C,5,7,0.7142857142857143
M_4,2_Summer,2,7,Germany x Tajikistan,Non-Dormant,Control,7-BS_ND_C,0,3,0
M_5,1_Autumn,1,7,Italy x Sweden,Non-Dormant,Control,7-IS_ND_C,0,0,NA
M_5,1_Summer,1,7,Italy x Sweden,Non-Dormant,Control,7-IS_ND_C,0,0,NA
M_5,2_Autumn,2,7,Italy x Sweden,Non-Dormant,Control,7-IS_ND_C,4,16,0.25
M_5,2_Summer,2,7,Italy x Sweden,Non-Dormant,Control,7-IS_ND_C,0,10,0
M_6,1_Autumn,1,7,Italy x Sweden,Mixed,Control,7-IS_M_C,16,22,0.7272727272727273
M_6,1_Summer,1,7,Italy x Sweden,Mixed,Control,7-IS_M_C,0,7,0
M_6,2_Autumn,2,7,Italy x Sweden,Mixed,Control,7-IS_M_C,1,6,0.16666666666666666
M_6,2_Summer,2,7,Italy x Sweden,Mixed,Control,7-IS_M_C,0,0,NA
M_8,1_Autumn,1,8,UK x USA,Mixed,Control,8-TC_M_C,15,17,0.8823529411764706
M_8,1_Summer,1,8,UK x USA,Mixed,Control,8-TC_M_C,0,0,NA
M_8,2_Autumn,2,8,UK x USA,Mixed,Control,8-TC_M_C,1,2,0.5
M_8,2_Summer,2,8,UK x USA,Mixed,Control,8-TC_M_C,51,58,0.8793103448275862
M_9,1_Autumn,1,8,Italy x Sweden,Mixed,Control,8-IS_M_C,29,33,0.8787878787878788
M_9,1_Summer,1,8,Italy x Sweden,Mixed,Control,8-IS_M_C,0,3,0
M_9,2_Autumn,2,8,Italy x Sweden,Mixed,Control,8-IS_M_C,1,12,0.08333333333333333
M_9,2_Summer,2,8,Italy x Sweden,Mixed,Control,8-IS_M_C,0,1,0
