Dormancy,StockN,DonorID,MSAT100008,T1G11,F21M12,IND4992,IND6375,MSAT1.10,MSAT108193,NGA248,IND1136,T27K12,MSAT1.42,NGA128,IND2188,dCAPsAPR2,F5I14,MSAT1.13,MSAT127088,MSAT1.5,MSAT2.5,MSAT200897,MSAT2.38,IND628,MSAT2.36,MSAT2.41,CZSOD2,MSAT2.7,IND216199,MSAT2.10,MSAT2.22,NGA172,MSAT3.99,ATHCHIB2,MSAT305754,MSAT3.19,MSAT3.117,MSAT3.32,MSAT3.21,MSAT318406,MSAT3.65,MSAT3.18,MSAT3.70,MSAT4.39,MSAT4.8,MSAT4.43,NGA8,MSAT4.35,MSAT4.15,CIW7,MSAT4.18,MSAT4.9,MSAT4.68,MSAT4.37,MSAT500027,NGA225,NGA249,NGA151,MSAT5.14,NGA139,MSAT512110,MSAT5.22,MSAT5.59,MSAT5.9,MSAT518662,MSAT520037,MSAT5.12,JV6162,JV7576,MSAT5.19,K9I9
,,,0.0,3.5,9.7,15.4,19.0,21.6,26.6,32.4,38.7,49.1,54.7,61.3,63.8,66.1,69.6,76.3,82.7,91.3,0.0,7.9,13.0,14.8,27.1,35.0,38.1,42.9,51.5,57.9,64.6,0.0,3.2,6.6,7.9,23.2,28.8,39.5,48.0,53.3,59.0,64.1,72.2,0.0,2.0,10.7,15.8,24.2,33.5,45.0,47.0,55.6,61.8,69.1,0.0,8.8,12.1,17.7,26.6,30.4,41.8,45.4,51.5,57.8,62.3,67.4,71.6,74.2,79.1,85.0,91.2
,,,1,1,1,1,1,1,1,1,1,1,1,1,1,1,1,1,1,1,2,2,2,2,2,2,2,2,2,2,2,3,3,3,3,3,3,3,3,3,3,3,3,4,4,4,4,4,4,4,4,4,4,4,5,5,5,5,5,5,5,5,5,5,5,5,5,5,5,5,5
Dormant,CS57521,014,B,B,B,B,B,B,B,B,B,B,B,A,A,A,A,A,A,B,B,B,B,B,B,B,B,B,B,B,B,A,A,A,A,A,A,A,A,A,A,A,A,B,B,B,B,B,B,B,B,B,B,B,B,B,B,B,B,B,B,B,B,B,B,B,B,B,B,B,B
Dormant,CS57529,022,B,B,B,B,B,B,A,A,A,A,A,A,A,A,A,A,A,A,B,B,A,A,B,A,A,A,A,A,A,A,A,A,A,A,A,A,B,B,B,B,B,B,B,B,B,B,B,B,B,B,B,B,C,B,B,B,A,A,A,A,B,B,B,B,B,B,B,B,B
Dormant,CS57562,055,A,A,B,B,B,B,B,B,B,A,A,B,B,B,B,B,B,A,C,C,C,B,B,B,B,B,B,B,A,B,B,B,B,B,B,A,A,A,A,A,A,A,A,A,A,A,A,A,A,B,C,B,A,A,A,A,A,A,A,A,A,A,A,A,A,C,C,C,B
Dormant,CS57581,074,A,A,A,A,A,B,B,C,C,A,A,A,A,A,A,A,A,A,A,B,B,B,B,B,B,B,A,A,A,B,B,B,B,B,A,A,A,A,A,A,A,B,B,B,B,B,B,B,B,B,B,B,A,A,A,A,A,A,A,A,A,B,B,A,B,B,B,B,B
Dormant,CS57613,107,A,B,B,C,B,B,B,B,B,B,B,B,B,B,B,C,B,B,B,B,B,B,B,B,B,B,B,B,A,A,A,A,A,A,A,A,A,B,B,B,B,B,B,B,B,B,B,B,B,B,A,A,A,A,A,A,A,A,A,A,A,A,A,A,B,B,B,B,B
Dormant,CS57630,125,B,B,B,B,B,B,A,A,A,A,A,A,A,A,A,A,A,A,A,B,B,B,B,B,B,B,B,B,B,B,B,B,B,B,B,A,A,B,B,B,A,A,A,A,A,A,A,A,A,B,B,B,A,A,A,A,A,A,A,A,A,A,A,A,A,A,A,A,B
Dormant,CS57633,128,B,B,C,A,B,B,B,B,D,B,B,A,A,A,A,A,B,B,B,B,B,B,B,B,B,A,A,A,A,B,B,B,B,B,B,A,A,A,A,A,A,A,A,A,A,A,A,B,B,B,B,B,A,A,A,A,A,A,A,A,A,A,A,B,B,B,B,B,B
Dormant,CS57643,138,A,A,B,B,B,B,B,B,B,B,B,B,B,A,A,A,A,B,A,A,A,D,B,B,B,B,B,B,B,B,B,C,C,B,C,C,C,C,B,B,A,B,B,B,A,A,A,B,B,B,B,B,A,A,A,B,A,A,B,B,B,B,B,B,B,B,B,B,A
Dormant,CS57649,145,B,B,B,B,B,B,B,B,B,B,B,B,A,A,A,A,A,A,B,B,B,B,B,A,A,A,A,A,A,A,A,A,A,A,A,A,A,A,A,A,A,B,B,B,B,B,B,B,B,B,B,B,B,B,B,B,B,B,B,B,B,B,B,B,B,B,B,B,B
Dormant,CS57736,236,B,B,B,B,B,B,B,B,B,B,B,B,B,B,B,B,B,B,B,D,A,A,B,B,B,B,B,B,B,B,B,B,B,A,A,A,A,A,B,B,A,B,B,B,B,B,B,B,B,B,B,A,A,A,A,B,B,B,A,A,A,A,A,A,A,A,B,B,B
Dormant,CS57768,270,B,B,B,B,B,B,B,B,A,A,A,A,A,A,A,A,A,A,A,B,B,B,B,A,A,A,A,A,A,C,B,B,B,B,B,B,B,B,B,B,B,A,A,B,B,B,B,B,B,B,B,B,A,A,A,A,B,B,B,B,B,B,B,C,C,B,B,B,B
Dormant,CS57777,279,B,B,B,B,B,B,B,A,A,A,A,A,A,A,A,B,B,B,B,A,A,A,B,B,B,B,A,A,A,B,B,B,B,B,B,B,B,B,A,A,A,B,B,B,B,A,A,A,A,B,B,B,A,A,B,B,B,B,B,B,B,C,C,A,A,A,A,C,C
Dormant,CS57788,291,B,B,B,B,B,B,B,B,B,B,B,B,B,B,B,B,B,B,A,A,A,B,B,B,B,B,B,A,A,B,B,B,B,A,A,A,A,A,A,A,A,A,A,A,A,B,B,B,B,B,B,B,A,A,A,A,B,B,B,B,B,A,A,C,B,B,B,B,B
Dormant,CS57798,302,B,B,B,B,B,B,B,B,B,A,A,A,A,A,A,B,B,B,B,B,B,C,B,B,B,B,A,A,A,B,B,B,B,B,B,B,B,D,A,A,A,B,B,B,B,B,B,B,B,B,B,A,A,A,A,A,A,A,A,A,D,A,B,B,B,B,B,B,B
Dormant,CS57800,304,B,B,B,B,B,B,B,B,B,B,B,B,B,B,B,B,B,B,B,B,B,B,B,B,B,B,B,B,B,A,A,A,A,B,B,B,A,A,A,D,A,B,B,A,A,A,A,B,B,B,B,B,A,A,C,B,B,B,B,B,B,B,B,B,D,B,B,B,B
Dormant,CS57837,344,B,B,B,B,B,B,C,C,C,C,C,C,B,B,B,B,A,B,A,A,A,A,B,B,B,B,B,B,B,B,B,B,B,B,A,A,A,A,A,D,A,B,B,B,B,B,B,B,B,B,B,B,A,A,A,A,B,B,B,B,B,B,B,B,D,B,B,B,B
Dormant,CS57860,368,A,B,B,B,B,B,B,A,A,A,A,A,A,A,A,A,B,B,A,A,B,B,B,B,B,B,B,B,B,B,B,B,B,B,B,B,B,B,C,B,B,C,C,B,B,B,B,B,B,B,C,C,B,A,A,A,A,A,A,B,B,B,A,A,A,B,B,B,B
Dormant,CS57902,415,B,B,B,B,B,B,B,B,B,B,B,A,A,A,A,A,B,B,B,B,B,B,B,B,B,B,B,B,B,B,B,B,B,B,A,A,A,A,A,A,A,B,B,B,B,C,C,B,B,B,B,B,B,B,B,B,B,B,B,B,B,A,A,A,A,B,B,B,A
Dormant,CS57917,430,B,B,B,B,B,B,B,B,B,B,A,A,A,A,B,B,B,A,B,B,B,B,B,B,B,B,B,B,B,A,B,B,B,B,B,B,B,B,B,B,B,B,B,B,B,B,B,B,B,B,B,A,B,A,A,A,B,A,A,A,A,A,A,A,B,B,B,B,A
Non-Dormant,CS57524,017,A,A,A,A,A,A,A,A,B,B,B,B,B,B,B,B,B,B,B,A,A,A,A,A,A,A,C,C,B,B,B,A,A,A,A,A,A,B,C,B,B,A,A,A,A,A,A,A,A,A,A,A,A,A,A,A,B,B,B,B,B,B,B,B,B,B,B,B,B
Non-Dormant,CS57525,018,A,A,A,A,A,A,A,B,B,B,B,B,B,B,B,B,B,B,B,B,B,B,A,A,B,B,B,B,A,B,B,B,B,B,B,B,B,B,A,A,A,C,B,A,A,A,A,A,A,A,A,A,B,C,A,A,B,B,B,B,B,B,B,B,B,B,B,B,B
Non-Dormant,CS57556,049,B,B,B,B,A,A,A,B,B,B,B,A,A,A,A,A,A,A,A,A,A,A,A,B,B,B,B,B,B,B,B,B,B,A,A,A,A,A,A,A,A,B,B,B,B,B,B,A,A,A,A,B,A,A,A,B,B,B,B,B,B,B,B,B,B,B,B,B,B
Non-Dormant,CS57600,094,C,A,A,A,A,A,B,B,B,A,A,A,A,A,B,B,B,B,A,A,A,A,A,A,B,B,B,B,B,A,A,A,A,B,B,B,B,B,B,A,A,A,A,A,A,A,B,A,A,A,B,B,A,A,A,A,A,A,A,A,A,A,A,A,A,A,B,B,B
Non-Dormant,CS57611,105,B,B,A,A,A,A,A,A,A,B,B,B,B,B,B,B,B,A,A,A,A,A,A,A,A,A,A,A,A,C,B,B,B,B,B,B,B,B,B,B,B,A,A,A,A,A,A,A,A,A,A,A,A,A,A,A,A,A,A,A,A,A,A,B,B,B,B,B,B
Non-Dormant,CS57631,126,A,A,A,A,A,A,D,B,B,B,B,B,B,D,B,B,B,B,A,A,A,A,A,A,A,A,A,A,B,A,A,A,A,B,C,A,B,B,B,B,A,A,C,B,B,B,A,C,A,A,A,A,A,A,A,A,A,A,A,B,B,B,B,B,B,B,B,B,B
Non-Dormant,CS57640,135,A,A,A,C,C,A,A,A,B,B,B,B,B,B,B,B,B,B,B,A,A,A,A,A,A,A,A,A,A,B,B,B,B,B,C,A,A,C,C,B,B,B,B,B,B,B,A,A,A,A,A,B,B,C,C,C,A,A,A,B,B,B,B,B,B,B,B,B,B
Non-Dormant,CS57763,265,A,A,A,A,A,A,A,B,B,B,B,B,B,B,B,B,B,B,A,A,A,A,A,A,A,A,B,B,B,A,B,B,B,B,B,B,B,A,A,A,A,B,B,B,B,B,B,A,A,A,A,A,B,B,B,B,B,B,B,B,D,B,B,B,B,B,B,A,A
Non-Dormant,CS57771,273,A,A,A,A,A,A,A,A,B,B,A,B,B,B,B,B,B,B,A,A,A,A,A,A,A,A,B,B,A,A,A,A,A,A,D,A,B,B,B,B,B,A,A,A,A,B,B,A,A,A,A,B,A,A,A,A,A,A,D,B,B,B,B,B,B,B,B,A,A
Non-Dormant,CS57773,275,B,B,B,B,A,A,A,A,A,B,B,B,B,B,B,C,C,B,A,A,A,A,A,B,B,B,B,B,B,B,B,B,B,B,B,B,B,B,B,B,B,B,B,B,B,B,B,A,A,A,A,A,B,B,B,B,B,B,C,C,C,A,A,A,A,A,A,A,B
Non-Dormant,CS57812,316,A,A,A,A,A,A,A,A,A,A,A,A,A,A,A,A,A,B,A,A,A,A,A,B,B,B,B,B,B,A,A,A,A,A,A,A,A,A,A,A,A,B,B,B,B,B,B,A,A,A,A,A,B,B,B,B,B,B,A,A,B,B,B,B,B,B,B,B,B
Non-Dormant,CS57833,340,B,B,B,B,B,A,C,B,C,B,B,A,A,A,A,A,A,A,A,A,A,A,A,A,B,B,B,B,B,A,A,A,A,A,A,A,A,A,A,A,A,B,B,B,B,B,A,A,A,A,A,A,B,B,B,B,C,C,A,A,A,A,A,A,B,B,B,B,B
Non-Dormant,CS57836,343,B,B,A,A,A,A,B,B,B,B,B,B,B,B,B,A,A,A,A,A,A,A,A,A,A,A,A,A,A,B,B,B,B,A,A,A,B,B,B,B,B,B,B,A,A,A,A,A,A,A,D,C,A,A,A,B,B,B,B,B,B,B,B,A,A,A,A,A,A
Non-Dormant,CS57849,357,A,A,A,A,A,A,A,A,B,B,B,B,B,B,B,A,B,B,B,B,B,B,A,B,B,B,B,B,B,A,A,A,A,A,A,B,B,B,B,B,B,A,A,A,A,A,A,A,A,A,A,A,A,B,A,A,A,A,B,B,B,B,B,B,B,B,B,B,B
Non-Dormant,CS57871,379,B,B,B,B,A,A,D,A,A,A,B,B,B,B,B,B,B,B,A,B,A,C,A,A,A,A,A,A,A,A,A,A,D,A,A,A,B,A,B,B,B,B,B,B,B,A,A,A,A,A,A,B,B,B,B,B,B,A,B,B,B,B,B,B,B,B,B,B,B
Non-Dormant,CS57875,383,A,A,A,A,A,A,A,A,A,A,A,A,A,A,A,A,B,B,A,A,A,A,A,A,A,A,A,A,A,B,B,B,B,B,B,B,B,B,B,B,A,B,B,C,C,A,A,A,A,A,A,A,A,A,A,A,A,A,A,A,B,B,B,B,B,B,B,C,C
Non-Dormant,CS57887,396,A,A,A,A,A,A,A,B,B,B,B,B,B,B,B,B,B,B,B,A,A,A,A,A,A,A,A,A,A,A,A,A,A,A,A,A,A,A,A,A,A,A,A,A,A,A,A,A,A,A,A,A,B,A,A,A,B,B,B,B,B,B,B,B,B,B,A,A,A
Non-Dormant,CS57895,407,A,A,A,A,A,A,A,B,B,B,B,B,B,B,B,B,B,B,A,A,A,C,A,A,A,B,B,B,B,A,A,A,A,A,A,A,A,A,A,A,A,A,A,A,A,A,A,A,A,A,A,A,B,B,B,B,B,B,A,A,A,C,C,A,C,B,B,B,B
Non-Dormant,CS57914,427,A,A,A,A,A,A,A,A,A,A,A,A,A,A,A,A,A,A,C,D,A,A,A,A,A,A,A,A,A,A,A,A,A,A,B,B,B,B,B,A,A,A,A,A,A,A,A,A,A,A,A,B,B,C,C,C,C,B,B,B,B,B,B,B,B,B,B,B,B
Dormant,,BS-156 (Cross) - DONOR = 270,,,,,,,,,,,,,,,,,,,,,,,,,,,,,,,,,,,,,,,,,,,,,,,,,,,,,,,,,,,,,,,,,,,,,
Non-Dormant,,BS-5 (Cross) - DONOR = 019,,,,,,,,,,,,,,,,,,,,,,,,,,,,,,,,,,,,,,,,,,,,,,,,,,,,,,,,,,,,,,,,,,,,,
,,Count of Bay Genotype,14,16,17,16,18,19,16,13,11,10,9,7,7,6,7,8,11,12,11,12,12,13,19,16,16,15,12,11,9,12,14,13,13,13,9,6,6,7,7,8,5,13,13,14,13,12,12,16,16,19,16,14,5,4,5,8,10,9,9,10,11,9,9,8,10,15,16,16,15
,,Count of Heterozygotes,0,0,1,1,0,0,1,2,2,1,1,1,0,0,0,1,0,0,1,1,1,1,0,0,0,0,0,0,0,1,0,1,1,0,1,1,1,1,1,0,0,1,1,0,0,1,1,0,0,0,2,1,1,0,1,0,0,0,0,0,0,1,1,2,1,1,1,2,1
,,Count of Crosses,1,1,1,1,1,1,1,1,1,1,1,1,1,1,1,1,1,1,1,1,1,1,1,1,1,1,1,1,1,1,1,1,1,1,1,1,1,1,1,1,1,1,1,1,1,1,1,1,1,1,1,1,1,1,1,1,1,1,1,1,1,1,1,1,1,1,1,1,1
,,Count of NA,0,0,0,0,0,0,0,0,1,0,0,0,0,0,0,0,0,0,0,1,0,1,0,0,0,0,0,0,0,0,0,0,0,0,0,0,0,1,0,2,0,0,0,0,0,0,0,0,0,0,0,0,0,0,0,0,0,0,0,0,1,0,0,0,2,0,0,0,0
,,Total # alleles,806,806,806,806,806,806,806,806,770,806,806,806,806,806,806,806,806,806,806,770,806,770,806,806,806,806,806,806,806,806,806,806,806,806,806,806,806,770,806,734,806,806,806,806,806,806,806,806,806,806,806,806,806,806,806,806,806,806,806,806,770,806,806,806,734,806,806,806,806
,,Dormant Pop Allele Frequency,0.700992556,0.790322581,0.857320099,0.812655087,0.879652605,1,0.812655087,0.700992556,0.64025974,0.544665012,0.5,0.410669975,0.388337469,0.343672457,0.388337469,0.455334988,0.566997519,0.611662531,0.589330025,0.663636364,0.633995037,0.71038961,1,0.790322581,0.790322581,0.745657568,0.611662531,0.566997519,0.477667494,0.633995037,0.700992556,0.67866005,0.67866005,0.656327543,0.5,0.366004963,0.366004963,0.42987013,0.410669975,0.475476839,0.299007444,0.67866005,0.67866005,0.700992556,0.656327543,0.633995037,0.633995037,0.790322581,0.790322581,1,0.834987593,0.723325062,0.32133995,0.254342432,0.32133995,0.433002481,0.522332506,0.477667494,0.477667494,0.522332506,0.593506494,0.5,0.5,0.477667494,0.598092643,0.767990074,0.812655087,0.834987593,0.767990074
,,Count of Bay Genotype,6,6,4,4,1,0,2,9,12,14,14,13,13,12,14,11,13,14,5,3,2,2,0,4,7,8,10,10,10,7,9,8,8,8,7,8,12,11,10,10,8,9,10,8,8,8,6,0,0,0,1,6,10,7,6,8,10,10,9,12,13,14,14,14,15,16,16,13,14
,,Count of Heterozygotes,1,0,0,1,1,0,1,0,1,0,0,0,0,0,0,1,1,0,1,0,0,2,0,0,0,0,1,1,0,1,0,0,0,0,2,0,0,1,2,0,0,1,1,1,1,0,0,1,0,0,0,1,0,3,2,2,2,1,1,1,1,1,1,0,1,0,0,1,1
,,Count of Crosses,1,1,1,1,1,0,1,1,1,1,1,1,1,1,1,1,1,1,1,1,1,1,0,1,1,1,1,1,1,1,1,1,1,1,1,1,1,1,1,1,1,1,1,1,1,1,1,1,1,0,1,1,1,1,1,1,1,1,1,1,1,1,1,1,1,1,1,1,1
,,Count of NA,0,0,0,0,0,0,2,0,0,0,0,0,0,1,0,0,0,0,0,1,0,0,0,0,0,0,0,0,0,0,0,0,1,0,1,0,0,0,0,0,0,0,0,0,0,0,0,0,0,0,1,0,0,0,0,0,0,0,1,0,1,0,0,0,0,0,0,0,0
,,Total # alleles,806,806,806,806,806,684,734,806,806,806,806,806,806,770,806,806,806,806,806,770,806,806,684,806,806,806,806,806,806,806,806,806,770,806,770,806,806,806,806,806,806,806,806,806,806,806,806,806,806,684,770,806,806,806,806,806,806,806,770,806,770,806,806,806,806,806,806,806,806
,,Non-Dormant Pop Allele Frequency,0.366004963,0.343672457,0.254342432,0.276674938,0.142679901,0,0.205722071,0.477667494,0.633995037,0.700992556,0.700992556,0.656327543,0.656327543,0.64025974,0.700992556,0.589330025,0.67866005,0.700992556,0.32133995,0.219480519,0.165012407,0.209677419,0,0.254342432,0.388337469,0.433002481,0.544665012,0.544665012,0.522332506,0.410669975,0.477667494,0.433002481,0.453246753,0.433002481,0.453246753,0.433002481,0.611662531,0.589330025,0.566997519,0.522332506,0.433002481,0.5,0.544665012,0.455334988,0.455334988,0.433002481,0.343672457,0.098014888,0.075682382,0,0.125974026,0.366004963,0.522332506,0.455334988,0.388337469,0.477667494,0.566997519,0.544665012,0.523376623,0.633995037,0.71038961,0.723325062,0.723325062,0.700992556,0.767990074,0.790322581,0.790322581,0.67866005,0.723325062
,,Count of Bay Genotype,20,22,21,20,19,19,18,22,23,24,23,20,20,18,21,19,24,26,16,15,14,15,19,20,23,23,22,21,19,19,23,21,21,21,16,14,18,18,17,18,13,22,23,22,21,20,18,16,16,19,17,20,15,11,11,16,20,19,18,22,24,23,23,22,25,31,32,29,29
,,Count of Heterozygotes,1,0,1,2,1,0,2,2,3,1,1,1,0,0,0,2,1,0,2,1,1,3,0,0,0,0,1,1,0,2,0,1,1,0,3,1,1,2,3,0,0,2,2,1,1,1,1,1,0,0,2,2,1,3,3,2,2,1,1,1,1,2,2,2,2,1,1,3,2
,,Count of Crosses,2,2,2,2,2,2,2,2,2,2,2,2,2,2,2,2,2,2,2,2,2,2,2,2,2,2,2,2,2,2,2,2,2,2,2,2,2,2,2,2,2,2,2,2,2,2,2,2,2,2,2,2,2,2,2,2,2,2,2,2,2,2,2,2,2,2,2,2,2
,,Count of NA,0,0,0,0,0,0,2,0,1,0,0,0,0,1,0,0,0,0,0,2,0,1,0,0,0,0,0,0,0,0,0,0,1,0,1,0,0,1,0,2,0,0,0,0,0,0,0,0,0,0,1,0,0,0,0,0,0,0,1,0,2,0,0,0,2,0,0,0,0
,,Total # alleles,804,804,804,804,804,804,768,804,786,804,804,804,804,786,804,804,804,804,804,768,804,786,804,804,804,804,804,804,804,804,804,804,786,804,786,804,804,786,804,768,804,804,804,804,804,804,804,804,804,804,786,804,804,804,804,804,804,804,786,804,768,804,804,804,768,804,804,804,804
,,Mixed Pop Allele Frequency,0.53358209,0.567164179,0.555970149,0.544776119,0.51119403,0.5,0.5234375,0.589552239,0.63740458,0.623134328,0.600746269,0.53358209,0.52238806,0.488549618,0.544776119,0.52238806,0.623134328,0.656716418,0.455223881,0.44140625,0.399253731,0.454198473,0.5,0.52238806,0.589552239,0.589552239,0.578358209,0.555970149,0.5,0.52238806,0.589552239,0.555970149,0.56870229,0.544776119,0.477099237,0.399253731,0.48880597,0.511450382,0.48880597,0.5,0.365671642,0.589552239,0.611940299,0.578358209,0.555970149,0.53358209,0.48880597,0.444029851,0.432835821,0.5,0.488549618,0.544776119,0.421641791,0.354477612,0.354477612,0.455223881,0.544776119,0.51119403,0.5,0.578358209,0.65234375,0.611940299,0.611940299,0.589552239,0.6875,0.779850746,0.802238806,0.757462687,0.746268657