RIL.SET,Plate.ID,Genotype,GermTrt,Rep,Dormancy,Total.Seeds,Germs.4wks
Italy x Swe,ISL18_A1,ISL_18,Above,1,D,20,0
Italy x Swe,ISL30_A1,ISL_30,Above,1,D,20,0
Italy x Swe,ISL48_A1,ISL_48,Above,1,D,20,0
Italy x Swe,ISL53_A1,ISL_53,Above,1,D,20,0
Italy x Swe,ISL65_A1,ISL_65,Above,1,D,20,2
Italy x Swe,ISL85_A1,ISL_85,Above,1,D,20,0
Italy x Swe,ISL88_A1,ISL_88,Above,1,D,20,0
Italy x Swe,ISL90_A1,ISL_90,Above,1,D,20,0
Italy x Swe,ISL99_A1,ISL_99,Above,1,D,20,0
Italy x Swe,ISL123_A1,ISL_123,Above,1,D,20,0
Italy x Swe,ISL130_A1,ISL_130,Above,1,D,20,0
Italy x Swe,ISL139_A1,ISL_139,Above,1,D,20,0
Italy x Swe,ISL149_A1,ISL_149,Above,1,D,20,0
Italy x Swe,ISL157_A1,ISL_157,Above,1,D,20,0
Italy x Swe,ISL174_A1,ISL_174,Above,1,D,20,0
Italy x Swe,ISL195_A1,ISL_195,Above,1,D,20,1
Italy x Swe,ISL222_A1,ISL_222,Above,1,D,20,0
Italy x Swe,ISL226_A1,ISL_226,Above,1,D,20,0
Italy x Swe,ISL254_A1,ISL_254,Above,1,D,20,0
Italy x Swe,ISL259_A1,ISL_259,Above,1,D,20,0
Italy x Swe,ISL270_A1,ISL_270,Above,1,D,20,0
Italy x Swe,ISL360_A1,ISL_360,Above,1,D,20,0
Italy x Swe,ISL420_A1,ISL_420,Above,1,D,20,0
Italy x Swe,ISL423_A1,ISL_423,Above,1,D,20,0
Italy x Swe,ISL431_A1,ISL_431,Above,1,D,20,0
Italy x Swe,ISL432_A1,ISL_432,Above,1,D,20,0
Italy x Swe,ISL448_A1,ISL_448,Above,1,D,20,0
Italy x Swe,ISL450_A1,ISL_450,Above,1,D,20,0
Italy x Swe,ISL454_A1,ISL_454,Above,1,D,20,0
Italy x Swe,ISL472_A1,ISL_472,Above,1,D,20,0
Italy x Swe,ISL499_A1,ISL_499,Above,1,D,20,0
Italy x Swe,ISL504_A1,ISL_504,Above,1,D,20,0
Italy x Swe,ISL506_A1,ISL_506,Above,1,D,20,0
Italy x Swe,ISL509_A1,ISL_509,Above,1,D,20,0
Italy x Swe,ISL519_A1,ISL_519,Above,1,D,20,0
Italy x Swe,ISL527_A1,ISL_527,Above,1,D,20,1
Italy x Swe,ISL559_A1,ISL_559,Above,1,D,20,0
Italy x Swe,ISL565_A1,ISL_565,Above,1,D,20,0
Italy x Swe,ISL576_A1,ISL_576,Above,1,D,20,0
Italy x Swe,ISL590_A1,ISL_590,Above,1,D,20,0
Italy x Swe,ISL609_A1,ISL_609,Above,1,D,20,0
Italy x Swe,ISL614_A1,ISL_614,Above,1,D,20,3
Italy x Swe,ISL663_A1,ISL_663,Above,1,D,20,0
Italy x Swe,ISL666_A1,ISL_666,Above,1,D,20,0
Italy x Swe,ISL680_A1,ISL_680,Above,1,D,20,7
Italy x Swe,IS286X_A1,IS-286_CROSS,Above,1,D,20,1
Italy x Swe,IS340X_A1,IS-340_CROSS,Above,1,D,20,0
Italy x Swe,ISL395_A1,ISL_395,Above,1,D,20,1
Italy x Swe,ISL521_A1,ISL_521,Above,1,D,20,1
Italy x Swe,ISL656_A1,ISL_656,Above,1,D,20,3
Italy x Swe,ISL29_A1,ISL_29,Above,1,ND,20,0
Italy x Swe,ISL41_A1,ISL_41,Above,1,ND,20,1
Italy x Swe,ISL140_A1,ISL_140,Above,1,ND,20,0
Italy x Swe,ISL171_A1,ISL_171,Above,1,ND,20,0
Italy x Swe,ISL212_A1,ISL_212,Above,1,ND,20,2
Italy x Swe,ISL241_A1,ISL_241,Above,1,ND,20,0
Italy x Swe,ISL242_A1,ISL_242,Above,1,ND,20,0
Italy x Swe,ISL295_A1,ISL_295,Above,1,ND,20,0
Italy x Swe,ISL353_A1,ISL_353,Above,1,ND,21,3
Italy x Swe,ISL440_A1,ISL_440,Above,1,ND,20,1
Italy x Swe,ISL508_A1,ISL_508,Above,1,ND,20,17
Italy x Swe,ISL550_A1,ISL_550,Above,1,ND,20,15
Italy x Swe,ISL672_A1,ISL_672,Above,1,ND,20,18
Italy x Swe,ISL51_A1,ISL_51,Above,1,ND,20,4
Italy x Swe,ISL189_A1,ISL_189,Above,1,ND,20,2
Italy x Swe,ISL198_A1,ISL_198,Above,1,ND,20,2
Italy x Swe,ISL219_A1,ISL_219,Above,1,ND,20,1
Italy x Swe,ISL331_A1,ISL_331,Above,1,ND,20,4
Italy x Swe,ISL385_A1,ISL_385,Above,1,ND,20,2
Italy x Swe,ISL485_A1,ISL_485,Above,1,ND,20,4
Italy x Swe,ISL67_A1,ISL_67,Above,1,ND,20,6
Italy x Swe,ISL78_A1,ISL_78,Above,1,ND,20,2
Italy x Swe,ISL106_A1,ISL_106,Above,1,ND,20,2
Italy x Swe,ISL232_A1,ISL_232,Above,1,ND,20,4
Italy x Swe,ISL393_A1,ISL_393,Above,1,ND,20,3
Italy x Swe,ISL397_A1,ISL_397,Above,1,ND,20,2
Italy x Swe,ISL414_A1,ISL_414,Above,1,ND,20,4
Italy x Swe,ISL494_A1,ISL_494,Above,1,ND,20,4
Italy x Swe,ISL640_A1,ISL_640,Above,1,ND,20,9
Italy x Swe,ISL649_A1,ISL_649,Above,1,ND,20,3
Italy x Swe,IS136X_A1,IS-136_CROSS,Above,1,ND,20,2
Italy x Swe,ISL206_A1,ISL_206,Above,1,ND,20,5
Italy x Swe,ISL486_A1,ISL_486,Above,1,ND,20,8
Italy x Swe,ISL124_A1,ISL_124,Above,1,ND,20,5
Italy x Swe,ISL594_A1,ISL_594,Above,1,ND,20,4
Italy x Swe,ISL683_A1,ISL_683,Above,1,ND,20,14
Italy x Swe,ISL231_A1,ISL_231,Above,1,ND,21,12
Italy x Swe,ISL264_A1,ISL_264,Above,1,ND,21,12
Italy x Swe,ISL108_A1,ISL_108,Above,1,ND,20,7
Italy x Swe,ISL227_A1,ISL_227,Above,1,ND,21,8
Italy x Swe,IS358X_A1,IS-358_CROSS,Above,1,ND,21,17
Italy x Swe,ISL305_A1,ISL_305,Above,1,ND,20,10
Italy x Swe,ISL356_A1,ISL_356,Above,1,ND,20,12
Italy x Swe,ISL25_A1,ISL_25,Above,1,ND,21,12
Italy x Swe,ISL230_A1,ISL_230,Above,1,ND,20,20
Italy x Swe,ISL574_A1,ISL_574,Above,1,ND,20,19
Italy x Swe,ISL647_A1,ISL_647,Above,1,ND,20,19
Italy x Swe,ISL75_A1,ISL_75,Above,1,ND,20,17
Italy x Swe,ISL681_A1,ISL_681,Above,1,ND,20,20
Italy x Swe,ISL383_A1,ISL_383,Above,1,ND,20,20
Italy x Swe,ISL18_C1,ISL_18,Cold,1,D,20,1
Italy x Swe,ISL30_C1,ISL_30,Cold,1,D,20,0
Italy x Swe,ISL48_C1,ISL_48,Cold,1,D,20,0
Italy x Swe,ISL53_C1,ISL_53,Cold,1,D,20,1
Italy x Swe,ISL65_C1,ISL_65,Cold,1,D,20,0
Italy x Swe,ISL85_C1,ISL_85,Cold,1,D,20,0
Italy x Swe,ISL88_C1,ISL_88,Cold,1,D,20,3
Italy x Swe,ISL90_C1,ISL_90,Cold,1,D,20,0
Italy x Swe,ISL99_C1,ISL_99,Cold,1,D,20,3
Italy x Swe,ISL123_C1,ISL_123,Cold,1,D,20,0
Italy x Swe,ISL130_C1,ISL_130,Cold,1,D,20,1
Italy x Swe,ISL139_C1,ISL_139,Cold,1,D,20,0
Italy x Swe,ISL149_C1,ISL_149,Cold,1,D,20,0
Italy x Swe,ISL157_C1,ISL_157,Cold,1,D,21,1
Italy x Swe,ISL174_C1,ISL_174,Cold,1,D,20,0
Italy x Swe,ISL195_C1,ISL_195,Cold,1,D,20,0
Italy x Swe,ISL222_C1,ISL_222,Cold,1,D,20,1
Italy x Swe,ISL226_C1,ISL_226,Cold,1,D,20,0
Italy x Swe,ISL254_C1,ISL_254,Cold,1,D,20,1
Italy x Swe,ISL259_C1,ISL_259,Cold,1,D,20,0
Italy x Swe,ISL270_C1,ISL_270,Cold,1,D,20,1
Italy x Swe,ISL360_C1,ISL_360,Cold,1,D,20,0
Italy x Swe,ISL395_C1,ISL_395,Cold,1,D,20,0
Italy x Swe,ISL420_C1,ISL_420,Cold,1,D,20,3
Italy x Swe,ISL423_C1,ISL_423,Cold,1,D,21,0
Italy x Swe,ISL431_C1,ISL_431,Cold,1,D,20,1
Italy x Swe,ISL432_C1,ISL_432,Cold,1,D,20,0
Italy x Swe,ISL448_C1,ISL_448,Cold,1,D,20,0
Italy x Swe,ISL450_C1,ISL_450,Cold,1,D,20,5
Italy x Swe,ISL454_C1,ISL_454,Cold,1,D,20,0
Italy x Swe,ISL472_C1,ISL_472,Cold,1,D,20,0
Italy x Swe,ISL499_C1,ISL_499,Cold,1,D,20,0
Italy x Swe,ISL504_C1,ISL_504,Cold,1,D,20,0
Italy x Swe,ISL506_C1,ISL_506,Cold,1,D,20,0
Italy x Swe,ISL509_C1,ISL_509,Cold,1,D,20,2
Italy x Swe,ISL519_C1,ISL_519,Cold,1,D,20,2
Italy x Swe,ISL521_C1,ISL_521,Cold,1,D,20,0
Italy x Swe,ISL527_C1,ISL_527,Cold,1,D,20,1
Italy x Swe,ISL559_C1,ISL_559,Cold,1,D,20,0
Italy x Swe,ISL565_C1,ISL_565,Cold,1,D,20,1
Italy x Swe,ISL576_C1,ISL_576,Cold,1,D,20,0
Italy x Swe,ISL590_C1,ISL_590,Cold,1,D,20,0
Italy x Swe,ISL609_C1,ISL_609,Cold,1,D,20,0
Italy x Swe,ISL614_C1,ISL_614,Cold,1,D,20,9
Italy x Swe,ISL656_C1,ISL_656,Cold,1,D,20,1
Italy x Swe,ISL663_C1,ISL_663,Cold,1,D,20,0
Italy x Swe,ISL666_C1,ISL_666,Cold,1,D,20,4
Italy x Swe,ISL680_C1,ISL_680,Cold,1,D,20,0
Italy x Swe,IS286X_C1,IS-286_CROSS,Cold,1,D,20,5
Italy x Swe,IS340X_C1,IS-340_CROSS,Cold,1,D,20,4
Italy x Swe,ISL25_C1,ISL_25,Cold,1,ND,20,20
Italy x Swe,ISL29_C1,ISL_29,Cold,1,ND,20,10
Italy x Swe,ISL41_C1,ISL_41,Cold,1,ND,20,10
Italy x Swe,ISL51_C1,ISL_51,Cold,1,ND,20,15
Italy x Swe,ISL67_C1,ISL_67,Cold,1,ND,20,20
Italy x Swe,ISL75_C1,ISL_75,Cold,1,ND,20,20
Italy x Swe,ISL78_C1,ISL_78,Cold,1,ND,20,9
Italy x Swe,ISL106_C1,ISL_106,Cold,1,ND,20,4
Italy x Swe,ISL108_C1,ISL_108,Cold,1,ND,20,20
Italy x Swe,ISL124_C1,ISL_124,Cold,1,ND,20,9
Italy x Swe,ISL140_C1,ISL_140,Cold,1,ND,20,1
Italy x Swe,ISL171_C1,ISL_171,Cold,1,ND,20,8
Italy x Swe,ISL189_C1,ISL_189,Cold,1,ND,20,11
Italy x Swe,ISL198_C1,ISL_198,Cold,1,ND,20,11
Italy x Swe,ISL206_C1,ISL_206,Cold,1,ND,20,20
Italy x Swe,ISL212_C1,ISL_212,Cold,1,ND,20,17
Italy x Swe,ISL219_C1,ISL_219,Cold,1,ND,20,4
Italy x Swe,ISL227_C1,ISL_227,Cold,1,ND,20,15
Italy x Swe,ISL230_C1,ISL_230,Cold,1,ND,20,20
Italy x Swe,ISL231_C1,ISL_231,Cold,1,ND,20,19
Italy x Swe,ISL232_C1,ISL_232,Cold,1,ND,20,9
Italy x Swe,ISL241_C1,ISL_241,Cold,1,ND,21,12
Italy x Swe,ISL242_C1,ISL_242,Cold,1,ND,20,2
Italy x Swe,ISL264_C1,ISL_264,Cold,1,ND,20,18
Italy x Swe,ISL295_C1,ISL_295,Cold,1,ND,20,11
Italy x Swe,ISL305_C1,ISL_305,Cold,1,ND,20,12
Italy x Swe,ISL331_C1,ISL_331,Cold,1,ND,20,6
Italy x Swe,ISL353_C1,ISL_353,Cold,1,ND,21,15
Italy x Swe,ISL356_C1,ISL_356,Cold,1,ND,20,10
Italy x Swe,ISL383_C1,ISL_383,Cold,1,ND,20,9
Italy x Swe,ISL393_C1,ISL_393,Cold,1,ND,20,19
Italy x Swe,ISL397_C1,ISL_397,Cold,1,ND,20,17
Italy x Swe,ISL414_C1,ISL_414,Cold,1,ND,20,9
Italy x Swe,ISL440_C1,ISL_440,Cold,1,ND,20,6
Italy x Swe,ISL485_C1,ISL_485,Cold,1,ND,20,17
Italy x Swe,ISL486_C1,ISL_486,Cold,1,ND,20,8
Italy x Swe,ISL494_C1,ISL_494,Cold,1,ND,20,9
Italy x Swe,ISL508_C1,ISL_508,Cold,1,ND,20,17
Italy x Swe,ISL550_C1,ISL_550,Cold,1,ND,20,17
Italy x Swe,ISL594_C1,ISL_594,Cold,1,ND,20,19
Italy x Swe,ISL647_C1,ISL_647,Cold,1,ND,20,20
Italy x Swe,ISL649_C1,ISL_649,Cold,1,ND,20,13
Italy x Swe,ISL672_C1,ISL_672,Cold,1,ND,20,11
Italy x Swe,ISL681_C1,ISL_681,Cold,1,ND,20,20
Italy x Swe,ISL683_C1,ISL_683,Cold,1,ND,20,9
Italy x Swe,IS136X_C1,IS-136_CROSS,Cold,1,ND,20,10
Italy x Swe,IS358X_C1,IS-358_CROSS,Cold,1,ND,20,20
Italy x Swe,ISL385_C1,ISL_385,Cold,1,ND,20,18
Italy x Swe,ISL574_C1,ISL_574,Cold,1,ND,20,19
Italy x Swe,ISL640_C1,ISL_640,Cold,1,ND,20,18
Italy x Swe,ISL18_O1,ISL_18,Optimal,1,D,20,0
Italy x Swe,ISL30_O1,ISL_30,Optimal,1,D,20,0
Italy x Swe,ISL48_O1,ISL_48,Optimal,1,D,20,0
Italy x Swe,ISL53_O1,ISL_53,Optimal,1,D,20,4
Italy x Swe,ISL65_O1,ISL_65,Optimal,1,D,20,0
Italy x Swe,ISL88_O1,ISL_88,Optimal,1,D,20,0
Italy x Swe,ISL99_O1,ISL_99,Optimal,1,D,20,0
Italy x Swe,ISL123_O1,ISL_123,Optimal,1,D,20,0
Italy x Swe,ISL130_O1,ISL_130,Optimal,1,D,20,0
Italy x Swe,ISL139_O1,ISL_139,Optimal,1,D,20,0
Italy x Swe,ISL149_O1,ISL_149,Optimal,1,D,20,0
Italy x Swe,ISL157_O1,ISL_157,Optimal,1,D,20,0
Italy x Swe,ISL174_O1,ISL_174,Optimal,1,D,20,0
Italy x Swe,ISL222_O1,ISL_222,Optimal,1,D,20,0
Italy x Swe,ISL226_O1,ISL_226,Optimal,1,D,20,0
Italy x Swe,ISL254_O1,ISL_254,Optimal,1,D,20,0
Italy x Swe,ISL259_O1,ISL_259,Optimal,1,D,20,0
Italy x Swe,ISL270_O1,ISL_270,Optimal,1,D,20,0
Italy x Swe,ISL360_O1,ISL_360,Optimal,1,D,20,0
Italy x Swe,ISL420_O1,ISL_420,Optimal,1,D,20,0
Italy x Swe,ISL432_O1,ISL_432,Optimal,1,D,20,0
Italy x Swe,ISL448_O1,ISL_448,Optimal,1,D,20,0
Italy x Swe,ISL450_O1,ISL_450,Optimal,1,D,20,0
Italy x Swe,ISL454_O1,ISL_454,Optimal,1,D,20,0
Italy x Swe,ISL472_O1,ISL_472,Optimal,1,D,21,1
Italy x Swe,ISL504_O1,ISL_504,Optimal,1,D,20,0
Italy x Swe,ISL509_O1,ISL_509,Optimal,1,D,20,0
Italy x Swe,ISL521_O1,ISL_521,Optimal,1,D,20,0
Italy x Swe,ISL527_O1,ISL_527,Optimal,1,D,20,0
Italy x Swe,ISL559_O1,ISL_559,Optimal,1,D,20,0
Italy x Swe,ISL565_O1,ISL_565,Optimal,1,D,20,0
Italy x Swe,ISL576_O1,ISL_576,Optimal,1,D,20,0
Italy x Swe,ISL590_O1,ISL_590,Optimal,1,D,20,1
Italy x Swe,ISL609_O1,ISL_609,Optimal,1,D,20,0
Italy x Swe,ISL663_O1,ISL_663,Optimal,1,D,20,0
Italy x Swe,ISL666_O1,ISL_666,Optimal,1,D,20,3
Italy x Swe,IS340X_O1,IS-340_CROSS,Optimal,1,D,20,0
Italy x Swe,ISL85_O1,ISL_85,Optimal,1,D,21,1
Italy x Swe,ISL90_O1,ISL_90,Optimal,1,D,20,1
Italy x Swe,ISL195_O1,ISL_195,Optimal,1,D,20,1
Italy x Swe,ISL395_O1,ISL_395,Optimal,1,D,20,1
Italy x Swe,ISL499_O1,ISL_499,Optimal,1,D,20,1
Italy x Swe,ISL506_O1,ISL_506,Optimal,1,D,20,2
Italy x Swe,ISL519_O1,ISL_519,Optimal,1,D,20,1
Italy x Swe,ISL614_O1,ISL_614,Optimal,1,D,20,6
Italy x Swe,ISL680_O1,ISL_680,Optimal,1,D,20,1
Italy x Swe,IS286X_O1,IS-286_CROSS,Optimal,1,D,20,3
Italy x Swe,ISL423_O1,ISL_423,Optimal,1,D,20,2
Italy x Swe,ISL431_O1,ISL_431,Optimal,1,D,20,2
Italy x Swe,ISL656_O1,ISL_656,Optimal,1,D,20,3
Italy x Swe,ISL29_O1,ISL_29,Optimal,1,ND,20,9
Italy x Swe,ISL140_O1,ISL_140,Optimal,1,ND,20,0
Italy x Swe,ISL242_O1,ISL_242,Optimal,1,ND,20,1
Italy x Swe,ISL295_O1,ISL_295,Optimal,1,ND,20,0
Italy x Swe,ISL171_O1,ISL_171,Optimal,1,ND,23,8
Italy x Swe,ISL106_O1,ISL_106,Optimal,1,ND,20,2
Italy x Swe,ISL189_O1,ISL_189,Optimal,1,ND,20,8
Italy x Swe,ISL198_O1,ISL_198,Optimal,1,ND,20,18
Italy x Swe,ISL486_O1,ISL_486,Optimal,1,ND,20,5
Italy x Swe,ISL683_O1,ISL_683,Optimal,1,ND,20,15
Italy x Swe,ISL440_O1,ISL_440,Optimal,1,ND,20,6
Italy x Swe,ISL212_O1,ISL_212,Optimal,1,ND,21,13
Italy x Swe,ISL353_O1,ISL_353,Optimal,1,ND,20,10
Italy x Swe,ISL594_O1,ISL_594,Optimal,1,ND,20,11
Italy x Swe,IS136X_O1,IS-136_CROSS,Optimal,1,ND,20,8
Italy x Swe,ISL41_O1,ISL_41,Optimal,1,ND,20,11
Italy x Swe,ISL219_O1,ISL_219,Optimal,1,ND,20,6
Italy x Swe,ISL241_O1,ISL_241,Optimal,1,ND,20,15
Italy x Swe,ISL331_O1,ISL_331,Optimal,1,ND,20,10
Italy x Swe,ISL232_O1,ISL_232,Optimal,1,ND,20,16
Italy x Swe,ISL649_O1,ISL_649,Optimal,1,ND,20,20
Italy x Swe,ISL305_O1,ISL_305,Optimal,1,ND,20,16
Italy x Swe,ISL508_O1,ISL_508,Optimal,1,ND,20,18
Italy x Swe,ISL51_O1,ISL_51,Optimal,1,ND,20,20
Italy x Swe,ISL494_O1,ISL_494,Optimal,1,ND,20,10
Italy x Swe,ISL672_O1,ISL_672,Optimal,1,ND,20,15
Italy x Swe,ISL78_O1,ISL_78,Optimal,1,ND,20,13
Italy x Swe,ISL231_O1,ISL_231,Optimal,1,ND,20,14
Italy x Swe,ISL414_O1,ISL_414,Optimal,1,ND,20,11
Italy x Swe,ISL206_O1,ISL_206,Optimal,1,ND,20,20
Italy x Swe,ISL264_O1,ISL_264,Optimal,1,ND,20,20
Italy x Swe,ISL640_O1,ISL_640,Optimal,1,ND,20,17
Italy x Swe,ISL356_O1,ISL_356,Optimal,1,ND,20,15
Italy x Swe,ISL227_O1,ISL_227,Optimal,1,ND,20,16
Italy x Swe,ISL383_O1,ISL_383,Optimal,1,ND,20,14
Italy x Swe,ISL124_O1,ISL_124,Optimal,1,ND,20,15
Italy x Swe,ISL397_O1,ISL_397,Optimal,1,ND,20,20
Italy x Swe,ISL485_O1,ISL_485,Optimal,1,ND,20,18
Italy x Swe,ISL647_O1,ISL_647,Optimal,1,ND,20,20
Italy x Swe,ISL393_O1,ISL_393,Optimal,1,ND,20,18
Italy x Swe,ISL75_O1,ISL_75,Optimal,1,ND,20,19
Italy x Swe,ISL230_O1,ISL_230,Optimal,1,ND,20,19
Italy x Swe,ISL550_O1,ISL_550,Optimal,1,ND,20,20
Italy x Swe,IS358X_O1,IS-358_CROSS,Optimal,1,ND,20,19
Italy x Swe,ISL25_O1,ISL_25,Optimal,1,ND,20,19
Italy x Swe,ISL67_O1,ISL_67,Optimal,1,ND,20,20
Italy x Swe,ISL574_O1,ISL_574,Optimal,1,ND,20,20
Italy x Swe,ISL108_O1,ISL_108,Optimal,1,ND,20,20
Italy x Swe,ISL385_O1,ISL_385,Optimal,1,ND,20,20
Italy x Swe,ISL681_O1,ISL_681,Optimal,1,ND,20,20
Bay x Sha,BS-156X_A2,BS-156_CROSS,Above,2,D,20,7
Bay x Sha,BS-156X_C3,BS-156_CROSS,Cold,3,D,20,2
Bay x Sha,BS-156X_A1,BS-156_CROSS,Above,1,D,20,10
Bay x Sha,BS-156X_C1,BS-156_CROSS,Cold,1,D,20,7
Bay x Sha,BS-156X_O1,BS-156_CROSS,Optimal,1,D,21,10
Bay x Sha,BS-156X_C2,BS-156_CROSS,Cold,2,D,21,1
Bay x Sha,BS-156X_O2,BS-156_CROSS,Optimal,2,D,20,5
Bay x Sha,BS-156X_O3,BS-156_CROSS,Optimal,3,D,20,4
Bay x Sha,BS-156X_A3,BS-156_CROSS,Above,3,D,20,15
Bay x Sha,BS-5X_A3,BS-5_CROSS,Above,3,ND,20,9
Bay x Sha,BS-5X_A1,BS-5_CROSS,Above,1,ND,20,1
Bay x Sha,BS-5X_C1,BS-5_CROSS,Cold,1,ND,20,19
Bay x Sha,BS-5X_O1,BS-5_CROSS,Optimal,1,ND,20,2
Bay x Sha,BS-5X_C2,BS-5_CROSS,Cold,2,ND,20,11
Bay x Sha,BS-5X_O2,BS-5_CROSS,Optimal,2,ND,20,4
Bay x Sha,BS-5X_C3,BS-5_CROSS,Cold,3,ND,20,15
Bay x Sha,BS-5X_O3,BS-5_CROSS,Optimal,3,ND,20,16
Bay x Sha,BS-5X_A2,BS-5_CROSS,Above,2,ND,20,0
Bay x Sha,BSL14_O1,BSL_014,Optimal,1,D,20,7
Bay x Sha,BSL14_A2,BSL_014,Above,2,D,21,7
Bay x Sha,BSL14_O3,BSL_014,Optimal,3,D,20,7
Bay x Sha,BSL14_A1,BSL_014,Above,1,D,20,7
Bay x Sha,BSL14_C1,BSL_014,Cold,1,D,20,9
Bay x Sha,BSL14_C2,BSL_014,Cold,2,D,20,3
Bay x Sha,BSL14_O2,BSL_014,Optimal,2,D,20,4
Bay x Sha,BSL14_A3,BSL_014,Above,3,D,20,14
Bay x Sha,BSL14_C3,BSL_014,Cold,3,D,20,6
Bay x Sha,BSL17_A2,BSL_017,Above,2,ND,20,3
Bay x Sha,BSL17_O2,BSL_017,Optimal,2,ND,20,2
Bay x Sha,BSL17_A1,BSL_017,Above,1,ND,20,19
Bay x Sha,BSL17_A3,BSL_017,Above,3,ND,20,19
Bay x Sha,BSL17_C2,BSL_017,Cold,2,ND,20,9
Bay x Sha,BSL17_O3,BSL_017,Optimal,3,ND,20,20
Bay x Sha,BSL17_C1,BSL_017,Cold,1,ND,20,20
Bay x Sha,BSL17_O1,BSL_017,Optimal,1,ND,20,20
Bay x Sha,BSL17_C3,BSL_017,Cold,3,ND,20,16
Bay x Sha,BSL18_A1,BSL_018,Above,1,ND,20,1
Bay x Sha,BSL18_A2,BSL_018,Above,2,ND,20,7
Bay x Sha,BSL18_A3,BSL_018,Above,3,ND,20,16
Bay x Sha,BSL18_C1,BSL_018,Cold,1,ND,20,20
Bay x Sha,BSL18_O1,BSL_018,Optimal,1,ND,20,10
Bay x Sha,BSL18_C2,BSL_018,Cold,2,ND,20,20
Bay x Sha,BSL18_O2,BSL_018,Optimal,2,ND,20,10
Bay x Sha,BSL18_C3,BSL_018,Cold,3,ND,20,20
Bay x Sha,BSL18_O3,BSL_018,Optimal,3,ND,20,20
Bay x Sha,BSL22_A1,BSL_022,Above,1,D,20,5
Bay x Sha,BSL22_O3,BSL_022,Optimal,3,D,20,19
Bay x Sha,BSL22_C1,BSL_022,Cold,1,D,20,2
Bay x Sha,BSL22_O1,BSL_022,Optimal,1,D,20,8
Bay x Sha,BSL22_A2,BSL_022,Above,2,D,20,7
Bay x Sha,BSL22_O2,BSL_022,Optimal,2,D,20,2
Bay x Sha,BSL22_C3,BSL_022,Cold,3,D,20,6
Bay x Sha,BSL22_A3,BSL_022,Above,3,D,20,18
Bay x Sha,BSL22_C2,BSL_022,Cold,2,D,20,0
Bay x Sha,BSL49_A2,BSL_049,Above,2,ND,20,3
Bay x Sha,BSL49_A1,BSL_049,Above,1,ND,20,10
Bay x Sha,BSL49_C1,BSL_049,Cold,1,ND,20,15
Bay x Sha,BSL49_O1,BSL_049,Optimal,1,ND,20,18
Bay x Sha,BSL49_C2,BSL_049,Cold,2,ND,21,9
Bay x Sha,BSL49_O2,BSL_049,Optimal,2,ND,20,4
Bay x Sha,BSL49_A3,BSL_049,Above,3,ND,20,8
Bay x Sha,BSL49_C3,BSL_049,Cold,3,ND,20,14
Bay x Sha,BSL49_O3,BSL_049,Optimal,3,ND,20,7
Bay x Sha,BSL55_A3,BSL_055,Above,3,D,20,6
Bay x Sha,BSL55_O3,BSL_055,Optimal,3,D,21,5
Bay x Sha,BSL55_C1,BSL_055,Cold,1,D,20,10
Bay x Sha,BSL55_A1,BSL_055,Above,1,D,20,1
Bay x Sha,BSL55_O1,BSL_055,Optimal,1,D,20,8
Bay x Sha,BSL55_A2,BSL_055,Above,2,D,19,1
Bay x Sha,BSL55_C2,BSL_055,Cold,2,D,20,8
Bay x Sha,BSL55_O2,BSL_055,Optimal,2,D,20,6
Bay x Sha,BSL55_C3,BSL_055,Cold,3,D,20,14
Bay x Sha,BSL74_C3,BSL_074,Cold,3,D,20,12
Bay x Sha,BSL74_C1,BSL_074,Cold,1,D,20,2
Bay x Sha,BSL74_O1,BSL_074,Optimal,1,D,20,3
Bay x Sha,BSL74_C2,BSL_074,Cold,2,D,20,1
Bay x Sha,BSL74_A1,BSL_074,Above,1,D,20,0
Bay x Sha,BSL74_A2,BSL_074,Above,2,D,20,0
Bay x Sha,BSL74_O2,BSL_074,Optimal,2,D,20,0
Bay x Sha,BSL74_A3,BSL_074,Above,3,D,20,0
Bay x Sha,BSL74_O3,BSL_074,Optimal,3,D,20,0
Bay x Sha,BSL94_A1,BSL_094,Above,1,ND,20,20
Bay x Sha,BSL94_C1,BSL_094,Cold,1,ND,20,16
Bay x Sha,BSL94_O1,BSL_094,Optimal,1,ND,20,20
Bay x Sha,BSL94_A2,BSL_094,Above,2,ND,19,1
Bay x Sha,BSL94_C2,BSL_094,Cold,2,ND,20,7
Bay x Sha,BSL94_O2,BSL_094,Optimal,2,ND,20,6
Bay x Sha,BSL94_A3,BSL_094,Above,3,ND,20,20
Bay x Sha,BSL94_C3,BSL_094,Cold,3,ND,20,14
Bay x Sha,BSL94_O3,BSL_094,Optimal,3,ND,20,11
Bay x Sha,BSL105_O1,BSL_105,Optimal,1,ND,20,19
Bay x Sha,BSL105_O3,BSL_105,Optimal,3,ND,20,17
Bay x Sha,BSL105_A1,BSL_105,Above,1,ND,20,19
Bay x Sha,BSL105_C1,BSL_105,Cold,1,ND,20,20
Bay x Sha,BSL105_A2,BSL_105,Above,2,ND,20,1
Bay x Sha,BSL105_C2,BSL_105,Cold,2,ND,20,20
Bay x Sha,BSL105_O2,BSL_105,Optimal,2,ND,20,8
Bay x Sha,BSL105_A3,BSL_105,Above,3,ND,20,7
Bay x Sha,BSL105_C3,BSL_105,Cold,3,ND,20,20
Bay x Sha,BSL107_C3,BSL_107,Cold,3,D,20,10
Bay x Sha,BSL107_A3,BSL_107,Above,3,D,20,18
Bay x Sha,BSL107_C1,BSL_107,Cold,1,D,20,5
Bay x Sha,BSL107_O1,BSL_107,Optimal,1,D,20,20
Bay x Sha,BSL107_A2,BSL_107,Above,2,D,20,5
Bay x Sha,BSL107_O3,BSL_107,Optimal,3,D,20,1
Bay x Sha,BSL107_A1,BSL_107,Above,1,D,20,0
Bay x Sha,BSL107_C2,BSL_107,Cold,2,D,20,0
Bay x Sha,BSL107_O2,BSL_107,Optimal,2,D,21,0
Bay x Sha,BSL125_A3,BSL_125,Above,3,D,20,1
Bay x Sha,BSL125_A2,BSL_125,Above,2,D,20,10
Bay x Sha,BSL125_O3,BSL_125,Optimal,3,D,20,18
Bay x Sha,BSL125_O1,BSL_125,Optimal,1,D,20,16
Bay x Sha,BSL125_A1,BSL_125,Above,1,D,20,1
Bay x Sha,BSL125_C1,BSL_125,Cold,1,D,20,13
Bay x Sha,BSL125_C2,BSL_125,Cold,2,D,20,15
Bay x Sha,BSL125_O2,BSL_125,Optimal,2,D,20,3
Bay x Sha,BSL125_C3,BSL_125,Cold,3,D,21,15
Bay x Sha,BSL126_O2,BSL_126,Optimal,2,ND,20,7
Bay x Sha,BSL126_O3,BSL_126,Optimal,3,ND,20,9
Bay x Sha,BSL126_C2,BSL_126,Cold,2,ND,20,9
Bay x Sha,BSL126_A3,BSL_126,Above,3,ND,20,19
Bay x Sha,BSL126_A1,BSL_126,Above,1,ND,20,2
Bay x Sha,BSL126_C1,BSL_126,Cold,1,ND,20,10
Bay x Sha,BSL126_O1,BSL_126,Optimal,1,ND,20,10
Bay x Sha,BSL126_A2,BSL_126,Above,2,ND,20,3
Bay x Sha,BSL126_C3,BSL_126,Cold,3,ND,20,5
Bay x Sha,BSL128_A3,BSL_128,Above,3,D,20,5
Bay x Sha,BSL128_O3,BSL_128,Optimal,3,D,21,18
Bay x Sha,BSL128_C1,BSL_128,Cold,1,D,20,19
Bay x Sha,BSL128_O1,BSL_128,Optimal,1,D,20,13
Bay x Sha,BSL128_C2,BSL_128,Cold,2,D,20,19
Bay x Sha,BSL128_O2,BSL_128,Optimal,2,D,20,13
Bay x Sha,BSL128_C3,BSL_128,Cold,3,D,20,19
Bay x Sha,BSL128_A1,BSL_128,Above,1,D,20,0
Bay x Sha,BSL128_A2,BSL_128,Above,2,D,19,0
Bay x Sha,BSL135_A2,BSL_135,Above,2,ND,20,4
Bay x Sha,BSL135_O1,BSL_135,Optimal,1,ND,20,19
Bay x Sha,BSL135_O3,BSL_135,Optimal,3,ND,21,20
Bay x Sha,BSL135_A1,BSL_135,Above,1,ND,20,4
Bay x Sha,BSL135_C1,BSL_135,Cold,1,ND,20,20
Bay x Sha,BSL135_C2,BSL_135,Cold,2,ND,20,16
Bay x Sha,BSL135_O2,BSL_135,Optimal,2,ND,20,12
Bay x Sha,BSL135_A3,BSL_135,Above,3,ND,20,20
Bay x Sha,BSL135_C3,BSL_135,Cold,3,ND,20,18
Bay x Sha,BSL138_O3,BSL_138,Optimal,3,D,20,5
Bay x Sha,BSL138_A1,BSL_138,Above,1,D,20,1
Bay x Sha,BSL138_C1,BSL_138,Cold,1,D,20,8
Bay x Sha,BSL138_O1,BSL_138,Optimal,1,D,20,7
Bay x Sha,BSL138_A2,BSL_138,Above,2,D,19,1
Bay x Sha,BSL138_C2,BSL_138,Cold,2,D,20,6
Bay x Sha,BSL138_O2,BSL_138,Optimal,2,D,20,2
Bay x Sha,BSL138_C3,BSL_138,Cold,3,D,20,16
Bay x Sha,BSL138_A3,BSL_138,Above,3,D,20,0
Bay x Sha,BSL145_O3,BSL_145,Optimal,3,D,19,13
Bay x Sha,BSL145_A1,BSL_145,Above,1,D,20,1
Bay x Sha,BSL145_C1,BSL_145,Cold,1,D,20,1
Bay x Sha,BSL145_C2,BSL_145,Cold,2,D,20,3
Bay x Sha,BSL145_A3,BSL_145,Above,3,D,20,9
Bay x Sha,BSL145_C3,BSL_145,Cold,3,D,20,10
Bay x Sha,BSL145_O1,BSL_145,Optimal,1,D,20,0
Bay x Sha,BSL145_A2,BSL_145,Above,2,D,20,0
Bay x Sha,BSL145_O2,BSL_145,Optimal,2,D,20,0
Bay x Sha,BSL236_A2,BSL_236,Above,2,D,20,1
Bay x Sha,BSL236_C1,BSL_236,Cold,1,D,20,3
Bay x Sha,BSL236_O1,BSL_236,Optimal,1,D,20,4
Bay x Sha,BSL236_C2,BSL_236,Cold,2,D,20,4
Bay x Sha,BSL236_O2,BSL_236,Optimal,2,D,20,3
Bay x Sha,BSL236_A3,BSL_236,Above,3,D,20,1
Bay x Sha,BSL236_C3,BSL_236,Cold,3,D,20,3
Bay x Sha,BSL236_O3,BSL_236,Optimal,3,D,20,9
Bay x Sha,BSL236_A1,BSL_236,Above,1,D,20,0
Bay x Sha,BSL265_A1,BSL_265,Above,1,ND,20,10
Bay x Sha,BSL265_A3,BSL_265,Above,3,ND,20,10
Bay x Sha,BSL265_C2,BSL_265,Cold,2,ND,20,18
Bay x Sha,BSL265_C1,BSL_265,Cold,1,ND,20,18
Bay x Sha,BSL265_O1,BSL_265,Optimal,1,ND,20,20
Bay x Sha,BSL265_A2,BSL_265,Above,2,ND,20,7
Bay x Sha,BSL265_O2,BSL_265,Optimal,2,ND,20,12
Bay x Sha,BSL265_C3,BSL_265,Cold,3,ND,20,18
Bay x Sha,BSL265_O3,BSL_265,Optimal,3,ND,20,18
Bay x Sha,BSL270_A1,BSL_270,Above,1,D,20,3
Bay x Sha,BSL270_C1,BSL_270,Cold,1,D,20,7
Bay x Sha,BSL270_O1,BSL_270,Optimal,1,D,20,1
Bay x Sha,BSL270_A2,BSL_270,Above,2,D,20,1
Bay x Sha,BSL270_C2,BSL_270,Cold,2,D,20,4
Bay x Sha,BSL270_O2,BSL_270,Optimal,2,D,20,2
Bay x Sha,BSL270_A3,BSL_270,Above,3,D,20,10
Bay x Sha,BSL270_C3,BSL_270,Cold,3,D,20,10
Bay x Sha,BSL270_O3,BSL_270,Optimal,3,D,20,17
Bay x Sha,BSL273_A3,BSL_273,Above,3,ND,20,16
Bay x Sha,BSL273_A1,BSL_273,Above,1,ND,20,5
Bay x Sha,BSL273_C1,BSL_273,Cold,1,ND,20,20
Bay x Sha,BSL273_O1,BSL_273,Optimal,1,ND,20,20
Bay x Sha,BSL273_A2,BSL_273,Above,2,ND,20,1
Bay x Sha,BSL273_C2,BSL_273,Cold,2,ND,20,20
Bay x Sha,BSL273_O2,BSL_273,Optimal,2,ND,20,16
Bay x Sha,BSL273_C3,BSL_273,Cold,3,ND,20,20
Bay x Sha,BSL273_O3,BSL_273,Optimal,3,ND,20,20
Bay x Sha,BSL275_C1,BSL_275,Cold,1,ND,20,11
Bay x Sha,BSL275_A1,BSL_275,Above,1,ND,20,6
Bay x Sha,BSL275_O1,BSL_275,Optimal,1,ND,20,17
Bay x Sha,BSL275_C2,BSL_275,Cold,2,ND,20,5
Bay x Sha,BSL275_O2,BSL_275,Optimal,2,ND,20,5
Bay x Sha,BSL275_A3,BSL_275,Above,3,ND,20,7
Bay x Sha,BSL275_C3,BSL_275,Cold,3,ND,21,8
Bay x Sha,BSL275_O3,BSL_275,Optimal,3,ND,20,10
Bay x Sha,BSL275_A2,BSL_275,Above,2,ND,20,0
Bay x Sha,BSL279_A1,BSL_279,Above,1,D,20,19
Bay x Sha,BSL279_C1,BSL_279,Cold,1,D,20,18
Bay x Sha,BSL279_O1,BSL_279,Optimal,1,D,20,19
Bay x Sha,BSL279_A2,BSL_279,Above,2,D,20,18
Bay x Sha,BSL279_C2,BSL_279,Cold,2,D,20,15
Bay x Sha,BSL279_O2,BSL_279,Optimal,2,D,20,15
Bay x Sha,BSL279_A3,BSL_279,Above,3,D,20,10
Bay x Sha,BSL279_C3,BSL_279,Cold,3,D,20,20
Bay x Sha,BSL279_O3,BSL_279,Optimal,3,D,21,20
Bay x Sha,BSL291_A1,BSL_291,Above,1,D,20,13
Bay x Sha,BSL291_A3,BSL_291,Above,3,D,20,14
Bay x Sha,BSL291_C3,BSL_291,Cold,3,D,20,11
Bay x Sha,BSL291_C1,BSL_291,Cold,1,D,20,10
Bay x Sha,BSL291_O1,BSL_291,Optimal,1,D,20,8
Bay x Sha,BSL291_A2,BSL_291,Above,2,D,19,2
Bay x Sha,BSL291_O3,BSL_291,Optimal,3,D,20,1
Bay x Sha,BSL291_C2,BSL_291,Cold,2,D,20,0
Bay x Sha,BSL291_O2,BSL_291,Optimal,2,D,20,0
Bay x Sha,BSL302_A1,BSL_302,Above,1,D,20,17
Bay x Sha,BSL302_C1,BSL_302,Cold,1,D,20,8
Bay x Sha,BSL302_O1,BSL_302,Optimal,1,D,20,20
Bay x Sha,BSL302_A2,BSL_302,Above,2,D,20,2
Bay x Sha,BSL302_O2,BSL_302,Optimal,2,D,20,5
Bay x Sha,BSL302_A3,BSL_302,Above,3,D,22,5
Bay x Sha,BSL302_C3,BSL_302,Cold,3,D,20,6
Bay x Sha,BSL302_O3,BSL_302,Optimal,3,D,21,3
Bay x Sha,BSL302_C2,BSL_302,Cold,2,D,20,0
Bay x Sha,BSL304_A1,BSL_304,Above,1,D,20,17
Bay x Sha,BSL304_O1,BSL_304,Optimal,1,D,20,4
Bay x Sha,BSL304_O2,BSL_304,Optimal,2,D,20,1
Bay x Sha,BSL304_A3,BSL_304,Above,3,D,20,15
Bay x Sha,BSL304_C3,BSL_304,Cold,3,D,22,1
Bay x Sha,BSL304_C1,BSL_304,Cold,1,D,20,0
Bay x Sha,BSL304_A2,BSL_304,Above,2,D,19,0
Bay x Sha,BSL304_C2,BSL_304,Cold,2,D,20,0
Bay x Sha,BSL304_O3,BSL_304,Optimal,3,D,20,0
Bay x Sha,BSL316_C3,BSL_316,Cold,3,ND,20,13
Bay x Sha,BSL316_A1,BSL_316,Above,1,ND,20,20
Bay x Sha,BSL316_C1,BSL_316,Cold,1,ND,20,15
Bay x Sha,BSL316_O1,BSL_316,Optimal,1,ND,20,20
Bay x Sha,BSL316_A2,BSL_316,Above,2,ND,20,20
Bay x Sha,BSL316_C2,BSL_316,Cold,2,ND,20,16
Bay x Sha,BSL316_O2,BSL_316,Optimal,2,ND,20,11
Bay x Sha,BSL316_A3,BSL_316,Above,3,ND,20,20
Bay x Sha,BSL316_O3,BSL_316,Optimal,3,ND,20,20
Bay x Sha,BSL340_C3,BSL_340,Cold,3,ND,20,10
Bay x Sha,BSL340_C2,BSL_340,Cold,2,ND,20,9
Bay x Sha,BSL340_C1,BSL_340,Cold,1,ND,20,19
Bay x Sha,BSL340_A1,BSL_340,Above,1,ND,20,20
Bay x Sha,BSL340_O1,BSL_340,Optimal,1,ND,20,20
Bay x Sha,BSL340_A2,BSL_340,Above,2,ND,20,6
Bay x Sha,BSL340_O2,BSL_340,Optimal,2,ND,20,8
Bay x Sha,BSL340_A3,BSL_340,Above,3,ND,20,20
Bay x Sha,BSL340_O3,BSL_340,Optimal,3,ND,20,20
Bay x Sha,BSL343_A1,BSL_343,Above,1,ND,20,9
Bay x Sha,BSL343_O1,BSL_343,Optimal,1,ND,20,15
Bay x Sha,BSL343_O2,BSL_343,Optimal,2,ND,20,18
Bay x Sha,BSL343_C1,BSL_343,Cold,1,ND,20,20
Bay x Sha,BSL343_A2,BSL_343,Above,2,ND,20,3
Bay x Sha,BSL343_C2,BSL_343,Cold,2,ND,19,19
Bay x Sha,BSL343_A3,BSL_343,Above,3,ND,20,4
Bay x Sha,BSL343_C3,BSL_343,Cold,3,ND,20,20
Bay x Sha,BSL343_O3,BSL_343,Optimal,3,ND,20,20
Bay x Sha,BSL344_O2,BSL_344,Optimal,2,D,20,5
Bay x Sha,BSL344_A3,BSL_344,Above,3,D,20,9
Bay x Sha,BSL344_A1,BSL_344,Above,1,D,20,2
Bay x Sha,BSL344_C1,BSL_344,Cold,1,D,20,6
Bay x Sha,BSL344_O1,BSL_344,Optimal,1,D,20,2
Bay x Sha,BSL344_C2,BSL_344,Cold,2,D,20,6
Bay x Sha,BSL344_C3,BSL_344,Cold,3,D,21,13
Bay x Sha,BSL344_O3,BSL_344,Optimal,3,D,21,6
Bay x Sha,BSL344_A2,BSL_344,Above,2,D,20,0
Bay x Sha,BSL357_A2,BSL_357,Above,2,ND,20,1
Bay x Sha,BSL357_A1,BSL_357,Above,1,ND,20,2
Bay x Sha,BSL357_C1,BSL_357,Cold,1,ND,20,20
Bay x Sha,BSL357_O1,BSL_357,Optimal,1,ND,20,19
Bay x Sha,BSL357_C2,BSL_357,Cold,2,ND,20,15
Bay x Sha,BSL357_O2,BSL_357,Optimal,2,ND,20,7
Bay x Sha,BSL357_A3,BSL_357,Above,3,ND,20,19
Bay x Sha,BSL357_C3,BSL_357,Cold,3,ND,21,21
Bay x Sha,BSL357_O3,BSL_357,Optimal,3,ND,20,20
Bay x Sha,BSL368_C1,BSL_368,Cold,1,D,20,3
Bay x Sha,BSL368_O1,BSL_368,Optimal,1,D,20,8
Bay x Sha,BSL368_C2,BSL_368,Cold,2,D,20,6
Bay x Sha,BSL368_A3,BSL_368,Above,3,D,20,4
Bay x Sha,BSL368_C3,BSL_368,Cold,3,D,21,5
Bay x Sha,BSL368_O3,BSL_368,Optimal,3,D,21,10
Bay x Sha,BSL368_A1,BSL_368,Above,1,D,20,0
Bay x Sha,BSL368_A2,BSL_368,Above,2,D,19,0
Bay x Sha,BSL368_O2,BSL_368,Optimal,2,D,20,0
Bay x Sha,BSL379_A3,BSL_379,Above,3,ND,20,11
Bay x Sha,BSL379_A1,BSL_379,Above,1,ND,20,16
Bay x Sha,BSL379_C1,BSL_379,Cold,1,ND,20,19
Bay x Sha,BSL379_O1,BSL_379,Optimal,1,ND,20,20
Bay x Sha,BSL379_A2,BSL_379,Above,2,ND,19,6
Bay x Sha,BSL379_C2,BSL_379,Cold,2,ND,20,20
Bay x Sha,BSL379_O2,BSL_379,Optimal,2,ND,20,20
Bay x Sha,BSL379_C3,BSL_379,Cold,3,ND,20,20
Bay x Sha,BSL379_O3,BSL_379,Optimal,3,ND,21,21
Bay x Sha,BSL383_A3,BSL_383,Above,3,ND,20,14
Bay x Sha,BSL383_A1,BSL_383,Above,1,ND,20,7
Bay x Sha,BSL383_C1,BSL_383,Cold,1,ND,20,20
Bay x Sha,BSL383_O1,BSL_383,Optimal,1,ND,20,19
Bay x Sha,BSL383_A2,BSL_383,Above,2,ND,20,4
Bay x Sha,BSL383_C2,BSL_383,Cold,2,ND,20,20
Bay x Sha,BSL383_O2,BSL_383,Optimal,2,ND,20,18
Bay x Sha,BSL383_C3,BSL_383,Cold,3,ND,20,20
Bay x Sha,BSL383_O3,BSL_383,Optimal,3,ND,20,20
Bay x Sha,BSL396_A2,BSL_396,Above,2,ND,20,11
Bay x Sha,BSL396_O2,BSL_396,Optimal,2,ND,20,15
Bay x Sha,BSL396_A3,BSL_396,Above,3,ND,21,18
Bay x Sha,BSL396_O3,BSL_396,Optimal,3,ND,21,12
Bay x Sha,BSL396_A1,BSL_396,Above,1,ND,20,1
Bay x Sha,BSL396_C1,BSL_396,Cold,1,ND,20,20
Bay x Sha,BSL396_O1,BSL_396,Optimal,1,ND,20,20
Bay x Sha,BSL396_C2,BSL_396,Cold,2,ND,20,20
Bay x Sha,BSL396_C3,BSL_396,Cold,3,ND,21,21
Bay x Sha,BSL407_A2,BSL_407,Above,2,ND,20,17
Bay x Sha,BSL407_O1,BSL_407,Optimal,1,ND,20,19
Bay x Sha,BSL407_O3,BSL_407,Optimal,3,ND,20,20
Bay x Sha,BSL407_A1,BSL_407,Above,1,ND,20,20
Bay x Sha,BSL407_C1,BSL_407,Cold,1,ND,20,20
Bay x Sha,BSL407_C2,BSL_407,Cold,2,ND,20,20
Bay x Sha,BSL407_O2,BSL_407,Optimal,2,ND,20,19
Bay x Sha,BSL407_A3,BSL_407,Above,3,ND,20,20
Bay x Sha,BSL407_C3,BSL_407,Cold,3,ND,20,20
Bay x Sha,BSL415_A3,BSL_415,Above,3,D,20,2
Bay x Sha,BSL415_A1,BSL_415,Above,1,D,20,1
Bay x Sha,BSL415_C1,BSL_415,Cold,1,D,20,6
Bay x Sha,BSL415_O1,BSL_415,Optimal,1,D,20,5
Bay x Sha,BSL415_A2,BSL_415,Above,2,D,20,1
Bay x Sha,BSL415_O2,BSL_415,Optimal,2,D,20,5
Bay x Sha,BSL415_C3,BSL_415,Cold,3,D,20,1
Bay x Sha,BSL415_O3,BSL_415,Optimal,3,D,20,15
Bay x Sha,BSL415_C2,BSL_415,Cold,2,D,21,0
Bay x Sha,BSL427_O1,BSL_427,Optimal,1,ND,20,11
Bay x Sha,BSL427_A3,BSL_427,Above,3,ND,20,19
Bay x Sha,BSL427_A1,BSL_427,Above,1,ND,20,20
Bay x Sha,BSL427_C1,BSL_427,Cold,1,ND,20,19
Bay x Sha,BSL427_A2,BSL_427,Above,2,ND,20,4
Bay x Sha,BSL427_C2,BSL_427,Cold,2,ND,20,20
Bay x Sha,BSL427_O2,BSL_427,Optimal,2,ND,20,20
Bay x Sha,BSL427_C3,BSL_427,Cold,3,ND,20,20
Bay x Sha,BSL427_O3,BSL_427,Optimal,3,ND,20,14
Bay x Sha,BSL430_C3,BSL_430,Cold,3,D,20,3
Bay x Sha,BSL430_A1,BSL_430,Above,1,D,20,7
Bay x Sha,BSL430_O3,BSL_430,Optimal,3,D,20,7
Bay x Sha,BSL430_O1,BSL_430,Optimal,1,D,20,1
Bay x Sha,BSL430_A2,BSL_430,Above,2,D,20,2
Bay x Sha,BSL430_O2,BSL_430,Optimal,2,D,20,1
Bay x Sha,BSL430_A3,BSL_430,Above,3,D,20,1
Bay x Sha,BSL430_C1,BSL_430,Cold,1,D,20,0
Bay x Sha,BSL430_C2,BSL_430,Cold,2,D,20,0
Cal x Tac,TCL6_A1,TCL_006,Above,1,ND,20,17
Cal x Tac,TCL6_A3,TCL_006,Above,3,ND,20,10
Cal x Tac,TCL6_O1,TCL_006,Optimal,1,ND,20,1
Cal x Tac,TCL6_C2,TCL_006,Cold,2,ND,20,1
Cal x Tac,TCL6_O3,TCL_006,Optimal,3,ND,20,1
Cal x Tac,TCL6_C1,TCL_006,Cold,1,ND,20,0
Cal x Tac,TCL6_A2,TCL_006,Above,2,ND,21,0
Cal x Tac,TCL6_O2,TCL_006,Optimal,2,ND,20,0
Cal x Tac,TCL6_C3,TCL_006,Cold,3,ND,20,0
Cal x Tac,TCL9_A3,TCL_009,Above,3,D,20,17
Cal x Tac,TCL9_C2,TCL_009,Cold,2,D,20,1
Cal x Tac,TCL9_O3,TCL_009,Optimal,3,D,20,1
Cal x Tac,TCL9_A1,TCL_009,Above,1,D,21,0
Cal x Tac,TCL9_C1,TCL_009,Cold,1,D,19,0
Cal x Tac,TCL9_O1,TCL_009,Optimal,1,D,21,0
Cal x Tac,TCL9_A2,TCL_009,Above,2,D,20,0
Cal x Tac,TCL9_O2,TCL_009,Optimal,2,D,20,0
Cal x Tac,TCL9_C3,TCL_009,Cold,3,D,20,0
Cal x Tac,TCL14_A2,TCL_014,Above,2,ND,20,1
Cal x Tac,TCL14_A3,TCL_014,Above,3,ND,20,1
Cal x Tac,TCL14_A1,TCL_014,Above,1,ND,20,3
Cal x Tac,TCL14_C1,TCL_014,Cold,1,ND,20,3
Cal x Tac,TCL14_C2,TCL_014,Cold,2,ND,20,1
Cal x Tac,TCL14_C3,TCL_014,Cold,3,ND,20,2
Cal x Tac,TCL14_O1,TCL_014,Optimal,1,ND,20,0
Cal x Tac,TCL14_O2,TCL_014,Optimal,2,ND,20,0
Cal x Tac,TCL14_O3,TCL_014,Optimal,3,ND,20,0
Cal x Tac,TCL15_C3,TCL_015,Cold,3,D,20,6
Cal x Tac,TCL15_C1,TCL_015,Cold,1,D,20,4
Cal x Tac,TCL15_O2,TCL_015,Optimal,2,D,20,6
Cal x Tac,TCL15_C2,TCL_015,Cold,2,D,20,10
Cal x Tac,TCL15_A1,TCL_015,Above,1,D,20,1
Cal x Tac,TCL15_O3,TCL_015,Optimal,3,D,20,2
Cal x Tac,TCL15_O1,TCL_015,Optimal,1,D,20,0
Cal x Tac,TCL15_A2,TCL_015,Above,2,D,20,0
Cal x Tac,TCL15_A3,TCL_015,Above,3,D,20,0
Cal x Tac,TCL16_A1,TCL_016,Above,1,ND,19,3
Cal x Tac,TCL16_A2,TCL_016,Above,2,ND,20,5
Cal x Tac,TCL16_A3,TCL_016,Above,3,ND,20,1
Cal x Tac,TCL16_C1,TCL_016,Cold,1,ND,20,0
Cal x Tac,TCL16_O1,TCL_016,Optimal,1,ND,20,0
Cal x Tac,TCL16_C2,TCL_016,Cold,2,ND,20,0
Cal x Tac,TCL16_O2,TCL_016,Optimal,2,ND,20,0
Cal x Tac,TCL16_C3,TCL_016,Cold,3,ND,20,0
Cal x Tac,TCL16_O3,TCL_016,Optimal,3,ND,19,0
Cal x Tac,TCL18_A3,TCL_018,Above,3,ND,20,19
Cal x Tac,TCL18_O1,TCL_018,Optimal,1,ND,20,2
Cal x Tac,TCL18_A2,TCL_018,Above,2,ND,20,4
Cal x Tac,TCL18_O2,TCL_018,Optimal,2,ND,20,2
Cal x Tac,TCL18_C3,TCL_018,Cold,3,ND,20,1
Cal x Tac,TCL18_A1,TCL_018,Above,1,ND,20,0
Cal x Tac,TCL18_C1,TCL_018,Cold,1,ND,20,0
Cal x Tac,TCL18_C2,TCL_018,Cold,2,ND,20,0
Cal x Tac,TCL18_O3,TCL_018,Optimal,3,ND,20,0
Cal x Tac,TCL23_A1,TCL_023,Above,1,D,20,0
Cal x Tac,TCL23_C1,TCL_023,Cold,1,D,20,0
Cal x Tac,TCL23_O1,TCL_023,Optimal,1,D,20,0
Cal x Tac,TCL23_A2,TCL_023,Above,2,D,20,0
Cal x Tac,TCL23_C2,TCL_023,Cold,2,D,20,0
Cal x Tac,TCL23_O2,TCL_023,Optimal,2,D,20,0
Cal x Tac,TCL23_A3,TCL_023,Above,3,D,20,0
Cal x Tac,TCL23_C3,TCL_023,Cold,3,D,20,0
Cal x Tac,TCL23_O3,TCL_023,Optimal,3,D,20,0
Cal x Tac,TCL28_C3,TCL_028,Cold,3,ND,20,1
Cal x Tac,TCL28_A1,TCL_028,Above,1,ND,20,3
Cal x Tac,TCL28_A2,TCL_028,Above,2,ND,20,1
Cal x Tac,TCL28_A3,TCL_028,Above,3,ND,20,2
Cal x Tac,TCL28_C1,TCL_028,Cold,1,ND,20,0
Cal x Tac,TCL28_O1,TCL_028,Optimal,1,ND,20,0
Cal x Tac,TCL28_C2,TCL_028,Cold,2,ND,20,0
Cal x Tac,TCL28_O2,TCL_028,Optimal,2,ND,20,0
Cal x Tac,TCL28_O3,TCL_028,Optimal,3,ND,20,0
Cal x Tac,TCL29_A1,TCL_029,Above,1,D,20,10
Cal x Tac,TCL29_C3,TCL_029,Cold,3,D,20,4
Cal x Tac,TCL29_C2,TCL_029,Cold,2,D,20,3
Cal x Tac,TCL29_O3,TCL_029,Optimal,3,D,19,1
Cal x Tac,TCL29_C1,TCL_029,Cold,1,D,20,0
Cal x Tac,TCL29_O1,TCL_029,Optimal,1,D,20,0
Cal x Tac,TCL29_A2,TCL_029,Above,2,D,20,0
Cal x Tac,TCL29_O2,TCL_029,Optimal,2,D,20,0
Cal x Tac,TCL29_A3,TCL_029,Above,3,D,20,0
Cal x Tac,TCL30_A1,TCL_030,Above,1,D,20,1
Cal x Tac,TCL30_O3,TCL_030,Optimal,3,D,20,16
Cal x Tac,TCL30_O1,TCL_030,Optimal,1,D,20,4
Cal x Tac,TCL30_O2,TCL_030,Optimal,2,D,22,13
Cal x Tac,TCL30_C3,TCL_030,Cold,3,D,20,5
Cal x Tac,TCL30_C1,TCL_030,Cold,1,D,20,2
Cal x Tac,TCL30_C2,TCL_030,Cold,2,D,20,13
Cal x Tac,TCL30_A2,TCL_030,Above,2,D,20,0
Cal x Tac,TCL30_A3,TCL_030,Above,3,D,20,0
Cal x Tac,TCL31_A3,TCL_031,Above,3,ND,20,8
Cal x Tac,TCL31_A1,TCL_031,Above,1,ND,20,1
Cal x Tac,TCL31_A2,TCL_031,Above,2,ND,20,1
Cal x Tac,TCL31_O2,TCL_031,Optimal,2,ND,20,1
Cal x Tac,TCL31_C1,TCL_031,Cold,1,ND,20,0
Cal x Tac,TCL31_O1,TCL_031,Optimal,1,ND,20,0
Cal x Tac,TCL31_C2,TCL_031,Cold,2,ND,20,0
Cal x Tac,TCL31_C3,TCL_031,Cold,3,ND,20,0
Cal x Tac,TCL31_O3,TCL_031,Optimal,3,ND,20,0
Cal x Tac,TCL34_C3,TCL_034,Cold,3,D,20,10
Cal x Tac,TCL34_C2,TCL_034,Cold,2,D,20,1
Cal x Tac,TCL34_A1,TCL_034,Above,1,D,20,0
Cal x Tac,TCL34_C1,TCL_034,Cold,1,D,20,0
Cal x Tac,TCL34_O1,TCL_034,Optimal,1,D,20,0
Cal x Tac,TCL34_A2,TCL_034,Above,2,D,20,0
Cal x Tac,TCL34_O2,TCL_034,Optimal,2,D,20,0
Cal x Tac,TCL34_A3,TCL_034,Above,3,D,21,0
Cal x Tac,TCL34_O3,TCL_034,Optimal,3,D,20,0
Cal x Tac,TCL39_O3,TCL_039,Optimal,3,ND,20,5
Cal x Tac,TCL39_A1,TCL_039,Above,1,ND,20,1
Cal x Tac,TCL39_C1,TCL_039,Cold,1,ND,20,1
Cal x Tac,TCL39_O1,TCL_039,Optimal,1,ND,20,1
Cal x Tac,TCL39_A2,TCL_039,Above,2,ND,20,2
Cal x Tac,TCL39_O2,TCL_039,Optimal,2,ND,20,2
Cal x Tac,TCL39_A3,TCL_039,Above,3,ND,20,4
Cal x Tac,TCL39_C2,TCL_039,Cold,2,ND,20,0
Cal x Tac,TCL39_C3,TCL_039,Cold,3,ND,20,0
Cal x Tac,TCL44_A1,TCL_044,Above,1,D,20,1
Cal x Tac,TCL44_C3,TCL_044,Cold,3,D,20,6
Cal x Tac,TCL44_A3,TCL_044,Above,3,D,20,17
Cal x Tac,TCL44_O3,TCL_044,Optimal,3,D,20,2
Cal x Tac,TCL44_C1,TCL_044,Cold,1,D,20,2
Cal x Tac,TCL44_O1,TCL_044,Optimal,1,D,20,0
Cal x Tac,TCL44_A2,TCL_044,Above,2,D,20,0
Cal x Tac,TCL44_C2,TCL_044,Cold,2,D,20,0
Cal x Tac,TCL44_O2,TCL_044,Optimal,2,D,20,0
Cal x Tac,TCL45_A1,TCL_045,Above,1,ND,20,10
Cal x Tac,TCL45_C1,TCL_045,Cold,1,ND,20,4
Cal x Tac,TCL45_O1,TCL_045,Optimal,1,ND,20,7
Cal x Tac,TCL45_A2,TCL_045,Above,2,ND,20,12
Cal x Tac,TCL45_C2,TCL_045,Cold,2,ND,20,9
Cal x Tac,TCL45_O2,TCL_045,Optimal,2,ND,20,6
Cal x Tac,TCL45_A3,TCL_045,Above,3,ND,20,14
Cal x Tac,TCL45_C3,TCL_045,Cold,3,ND,20,8
Cal x Tac,TCL45_O3,TCL_045,Optimal,3,ND,20,5
Cal x Tac,TCL49_A3,TCL_049,Above,3,D,20,4
Cal x Tac,TCL49_O3,TCL_049,Optimal,3,D,20,6
Cal x Tac,TCL49_A1,TCL_049,Above,1,D,21,0
Cal x Tac,TCL49_C1,TCL_049,Cold,1,D,20,0
Cal x Tac,TCL49_O1,TCL_049,Optimal,1,D,19,0
Cal x Tac,TCL49_A2,TCL_049,Above,2,D,20,0
Cal x Tac,TCL49_C2,TCL_049,Cold,2,D,20,0
Cal x Tac,TCL49_O2,TCL_049,Optimal,2,D,19,0
Cal x Tac,TCL49_C3,TCL_049,Cold,3,D,20,0
Cal x Tac,TCL50_A1,TCL_050,Above,1,ND,20,1
Cal x Tac,TCL50_C1,TCL_050,Cold,1,ND,20,4
Cal x Tac,TCL50_O1,TCL_050,Optimal,1,ND,20,1
Cal x Tac,TCL50_A2,TCL_050,Above,2,ND,20,6
Cal x Tac,TCL50_C2,TCL_050,Cold,2,ND,20,2
Cal x Tac,TCL50_O2,TCL_050,Optimal,2,ND,20,2
Cal x Tac,TCL50_A3,TCL_050,Above,3,ND,20,2
Cal x Tac,TCL50_C3,TCL_050,Cold,3,ND,20,0
Cal x Tac,TCL50_O3,TCL_050,Optimal,3,ND,20,0
Cal x Tac,TCL54_C3,TCL_054,Cold,3,ND,20,2
Cal x Tac,TCL54_A1,TCL_054,Above,1,ND,20,8
Cal x Tac,TCL54_C1,TCL_054,Cold,1,ND,20,3
Cal x Tac,TCL54_O1,TCL_054,Optimal,1,ND,20,1
Cal x Tac,TCL54_A2,TCL_054,Above,2,ND,20,10
Cal x Tac,TCL54_C2,TCL_054,Cold,2,ND,20,2
Cal x Tac,TCL54_O2,TCL_054,Optimal,2,ND,20,5
Cal x Tac,TCL54_A3,TCL_054,Above,3,ND,20,8
Cal x Tac,TCL54_O3,TCL_054,Optimal,3,ND,20,5
Cal x Tac,TCL55_O1,TCL_055,Optimal,1,D,20,1
Cal x Tac,TCL55_O3,TCL_055,Optimal,3,D,20,2
Cal x Tac,TCL55_A3,TCL_055,Above,3,D,20,16
Cal x Tac,TCL55_C1,TCL_055,Cold,1,D,20,1
Cal x Tac,TCL55_O2,TCL_055,Optimal,2,D,20,1
Cal x Tac,TCL55_A1,TCL_055,Above,1,D,20,0
Cal x Tac,TCL55_A2,TCL_055,Above,2,D,20,0
Cal x Tac,TCL55_C2,TCL_055,Cold,2,D,20,0
Cal x Tac,TCL55_C3,TCL_055,Cold,3,D,20,0
Cal x Tac,TCL56_A3,TCL_056,Above,3,D,20,1
Cal x Tac,TCL56_A1,TCL_056,Above,1,D,20,0
Cal x Tac,TCL56_C1,TCL_056,Cold,1,D,20,0
Cal x Tac,TCL56_O1,TCL_056,Optimal,1,D,20,0
Cal x Tac,TCL56_A2,TCL_056,Above,2,D,20,0
Cal x Tac,TCL56_C2,TCL_056,Cold,2,D,20,0
Cal x Tac,TCL56_O2,TCL_056,Optimal,2,D,20,0
Cal x Tac,TCL56_C3,TCL_056,Cold,3,D,20,0
Cal x Tac,TCL56_O3,TCL_056,Optimal,3,D,21,0
Cal x Tac,TCL57_C2,TCL_057,Cold,2,ND,20,5
Cal x Tac,TCL57_O3,TCL_057,Optimal,3,ND,20,1
Cal x Tac,TCL57_A1,TCL_057,Above,1,ND,20,3
Cal x Tac,TCL57_A3,TCL_057,Above,3,ND,21,3
Cal x Tac,TCL57_C1,TCL_057,Cold,1,ND,20,0
Cal x Tac,TCL57_O1,TCL_057,Optimal,1,ND,20,0
Cal x Tac,TCL57_A2,TCL_057,Above,2,ND,20,0
Cal x Tac,TCL57_O2,TCL_057,Optimal,2,ND,20,0
Cal x Tac,TCL57_C3,TCL_057,Cold,3,ND,20,0
Cal x Tac,TCL60_A3,TCL_060,Above,3,ND,20,16
Cal x Tac,TCL60_A1,TCL_060,Above,1,ND,20,3
Cal x Tac,TCL60_C1,TCL_060,Cold,1,ND,20,8
Cal x Tac,TCL60_O1,TCL_060,Optimal,1,ND,20,8
Cal x Tac,TCL60_A2,TCL_060,Above,2,ND,20,12
Cal x Tac,TCL60_C2,TCL_060,Cold,2,ND,20,5
Cal x Tac,TCL60_O2,TCL_060,Optimal,2,ND,20,4
Cal x Tac,TCL60_O3,TCL_060,Optimal,3,ND,20,3
Cal x Tac,TCL60_C3,TCL_060,Cold,3,ND,20,0
Cal x Tac,TCL65_A1,TCL_065,Above,1,D,20,0
Cal x Tac,TCL65_C1,TCL_065,Cold,1,D,20,0
Cal x Tac,TCL65_O1,TCL_065,Optimal,1,D,20,0
Cal x Tac,TCL65_A2,TCL_065,Above,2,D,20,0
Cal x Tac,TCL65_C2,TCL_065,Cold,2,D,20,0
Cal x Tac,TCL65_O2,TCL_065,Optimal,2,D,20,0
Cal x Tac,TCL65_A3,TCL_065,Above,3,D,20,0
Cal x Tac,TCL65_C3,TCL_065,Cold,3,D,20,0
Cal x Tac,TCL65_O3,TCL_065,Optimal,3,D,20,0
Cal x Tac,TCL66_O3,TCL_066,Optimal,3,D,20,9
Cal x Tac,TCL66_A1,TCL_066,Above,1,D,20,1
Cal x Tac,TCL66_O1,TCL_066,Optimal,1,D,20,2
Cal x Tac,TCL66_A2,TCL_066,Above,2,D,20,1
Cal x Tac,TCL66_C2,TCL_066,Cold,2,D,20,4
Cal x Tac,TCL66_O2,TCL_066,Optimal,2,D,20,3
Cal x Tac,TCL66_A3,TCL_066,Above,3,D,20,2
Cal x Tac,TCL66_C3,TCL_066,Cold,3,D,20,3
Cal x Tac,TCL66_C1,TCL_066,Cold,1,D,20,2
Cal x Tac,TCL73_A2,TCL_073,Above,2,D,20,1
Cal x Tac,TCL73_C3,TCL_073,Cold,3,D,20,1
Cal x Tac,TCL73_O3,TCL_073,Optimal,3,D,20,1
Cal x Tac,TCL73_A1,TCL_073,Above,1,D,20,0
Cal x Tac,TCL73_C1,TCL_073,Cold,1,D,20,0
Cal x Tac,TCL73_O1,TCL_073,Optimal,1,D,20,0
Cal x Tac,TCL73_C2,TCL_073,Cold,2,D,20,0
Cal x Tac,TCL73_O2,TCL_073,Optimal,2,D,20,0
Cal x Tac,TCL73_A3,TCL_073,Above,3,D,20,0
Cal x Tac,TCL83_O3,TCL_083,Optimal,3,ND,20,5
Cal x Tac,TCL83_C3,TCL_083,Cold,3,ND,20,10
Cal x Tac,TCL83_A1,TCL_083,Above,1,ND,20,20
Cal x Tac,TCL83_C1,TCL_083,Cold,1,ND,20,5
Cal x Tac,TCL83_O1,TCL_083,Optimal,1,ND,20,12
Cal x Tac,TCL83_A2,TCL_083,Above,2,ND,20,11
Cal x Tac,TCL83_C2,TCL_083,Cold,2,ND,20,10
Cal x Tac,TCL83_O2,TCL_083,Optimal,2,ND,20,12
Cal x Tac,TCL83_A3,TCL_083,Above,3,ND,20,13
Cal x Tac,TCL85_A3,TCL_085,Above,3,ND,21,6
Cal x Tac,TCL85_C3,TCL_085,Cold,3,ND,20,2
Cal x Tac,TCL85_A1,TCL_085,Above,1,ND,20,5
Cal x Tac,TCL85_O1,TCL_085,Optimal,1,ND,20,3
Cal x Tac,TCL85_A2,TCL_085,Above,2,ND,21,6
Cal x Tac,TCL85_O2,TCL_085,Optimal,2,ND,20,1
Cal x Tac,TCL85_C1,TCL_085,Cold,1,ND,20,0
Cal x Tac,TCL85_C2,TCL_085,Cold,2,ND,20,0
Cal x Tac,TCL85_O3,TCL_085,Optimal,3,ND,20,0
Cal x Tac,TCL88_A3,TCL_088,Above,3,ND,19,19
Cal x Tac,TCL88_A1,TCL_088,Above,1,ND,20,9
Cal x Tac,TCL88_C1,TCL_088,Cold,1,ND,20,13
Cal x Tac,TCL88_O1,TCL_088,Optimal,1,ND,20,6
Cal x Tac,TCL88_A2,TCL_088,Above,2,ND,20,4
Cal x Tac,TCL88_C2,TCL_088,Cold,2,ND,20,13
Cal x Tac,TCL88_O2,TCL_088,Optimal,2,ND,21,9
Cal x Tac,TCL88_C3,TCL_088,Cold,3,ND,22,16
Cal x Tac,TCL88_O3,TCL_088,Optimal,3,ND,20,5
Cal x Tac,TCL94_A3,TCL_094,Above,3,ND,21,3
Cal x Tac,TCL94_A1,TCL_094,Above,1,ND,20,1
Cal x Tac,TCL94_C1,TCL_094,Cold,1,ND,20,3
Cal x Tac,TCL94_O1,TCL_094,Optimal,1,ND,20,3
Cal x Tac,TCL94_C2,TCL_094,Cold,2,ND,20,1
Cal x Tac,TCL94_O3,TCL_094,Optimal,3,ND,20,1
Cal x Tac,TCL94_A2,TCL_094,Above,2,ND,20,0
Cal x Tac,TCL94_O2,TCL_094,Optimal,2,ND,20,0
Cal x Tac,TCL94_C3,TCL_094,Cold,3,ND,20,0
Cal x Tac,TCL97_A1,TCL_097,Above,1,D,20,0
Cal x Tac,TCL97_C1,TCL_097,Cold,1,D,20,0
Cal x Tac,TCL97_O1,TCL_097,Optimal,1,D,20,0
Cal x Tac,TCL97_A2,TCL_097,Above,2,D,20,0
Cal x Tac,TCL97_C2,TCL_097,Cold,2,D,20,0
Cal x Tac,TCL97_O2,TCL_097,Optimal,2,D,20,0
Cal x Tac,TCL97_A3,TCL_097,Above,3,D,20,0
Cal x Tac,TCL97_C3,TCL_097,Cold,3,D,20,0
Cal x Tac,TCL97_O3,TCL_097,Optimal,3,D,20,0
Cal x Tac,TCL101_A1,TCL_101,Above,1,D,20,2
Cal x Tac,TCL101_C3,TCL_101,Cold,3,D,20,6
Cal x Tac,TCL101_C1,TCL_101,Cold,1,D,20,4
Cal x Tac,TCL101_O1,TCL_101,Optimal,1,D,20,1
Cal x Tac,TCL101_A2,TCL_101,Above,2,D,20,6
Cal x Tac,TCL101_C2,TCL_101,Cold,2,D,20,3
Cal x Tac,TCL101_O2,TCL_101,Optimal,2,D,20,4
Cal x Tac,TCL101_A3,TCL_101,Above,3,D,20,5
Cal x Tac,TCL101_O3,TCL_101,Optimal,3,D,20,1
Cal x Tac,TCL116_A3,TCL_116,Above,3,D,22,1
Cal x Tac,TCL116_C2,TCL_116,Cold,2,D,20,3
Cal x Tac,TCL116_A1,TCL_116,Above,1,D,20,0
Cal x Tac,TCL116_C1,TCL_116,Cold,1,D,20,0
Cal x Tac,TCL116_O1,TCL_116,Optimal,1,D,20,0
Cal x Tac,TCL116_A2,TCL_116,Above,2,D,20,0
Cal x Tac,TCL116_O2,TCL_116,Optimal,2,D,20,0
Cal x Tac,TCL116_C3,TCL_116,Cold,3,D,20,0
Cal x Tac,TCL116_O3,TCL_116,Optimal,3,D,20,0