Date Collected in Field,Block,Dormancy,Trt,Pop ID,Indiv #,Silique #,Date Counted,Data Collector,# Seeds,Notes
5/4/20,2,ND,Drought,B06,1,1,9/15/20,BQ,46,
5/4/20,2,ND,Drought,B06,1,2,9/15/20,BQ,47,
5/4/20,2,ND,Drought,B06,1,3,9/21/20,BQ,33,
5/4/20,2,ND,Drought,B06,1,4,9/21/20,BQ,33,
5/4/20,2,ND,Drought,B06,1,5,9/21/20,BQ,45,used ethanol to get seeds out of tube
5/4/20,2,ND,Drought,B06,2,1,9/21/20,BQ,36,
5/4/20,2,ND,Drought,B06,2,2,9/21/20,BQ,34,
5/4/20,2,ND,Drought,B06,2,3,9/21/20,BQ,36,
5/4/20,2,ND,Drought,B06,2,4,9/21/20,BQ,38,
5/4/20,2,ND,Drought,B06,2,5,9/21/20,BQ,35,
5/4/20,2,ND,Drought,B06,3,1,9/21/20,BQ,30,
5/4/20,2,ND,Drought,B06,3,2,9/21/20,BQ,32,
5/4/20,2,ND,Drought,B06,3,3,9/21/20,BQ,26,
5/4/20,2,ND,Drought,B06,3,4,9/22/20,BQ,27,
5/4/20,2,ND,Drought,B06,3,5,9/22/20,BQ,38,"lots of seeds stuck in tube, included in count"
5/4/20,2,ND,Drought,B06,4,1,9/22/20,BQ,33,
5/4/20,2,ND,Drought,B06,4,2,9/22/20,BQ,31,
5/4/20,2,ND,Drought,B06,4,3,9/22/20,BQ,23,
5/4/20,2,ND,Drought,B06,4,4,9/22/20,BQ,18,
5/4/20,2,ND,Drought,B06,5,1,9/22/20,BQ,.,didn't look like all of the silique was in the tube
5/4/20,2,ND,Drought,B06,5,2,9/22/20,BQ,30,4 seeds stuck in tube (included in count)
5/4/20,2,ND,Drought,B06,5,3,9/22/20,BQ,.,didn't look like all of the silique was in the tube
5/4/20,2,Dorm,Drought,D06,1,1,9/22/20,BQ,.,silique may have been open before put in tube
5/4/20,2,Dorm,Drought,D06,1,2,9/22/20,BQ,38,"2 seeds stuck in tube, included in count"
5/4/20,2,Dorm,Drought,D06,1,3,9/22/20,BQ,26,
5/4/20,2,Dorm,Drought,D06,1,4,9/22/20,BQ,23,
5/4/20,2,Dorm,Drought,D06,1,5,9/22/20,BQ,28,"2 seeds stuck in. tube, included in count"
5/4/20,2,Dorm,Drought,D06,2,1,9/28/20,BQ,17,
5/4/20,2,Dorm,Drought,D06,2,2,9/28/20,BQ,32,
5/4/20,2,Dorm,Drought,D06,2,3,9/28/20,BQ,33,
5/4/20,2,Dorm,Drought,D06,2,4,9/28/20,BQ,28,
5/4/20,2,Dorm,Drought,D06,3,1,9/29/20,BQ,33,
5/4/20,2,Dorm,Drought,D06,3,2,9/29/20,BQ,26,
5/4/20,2,Dorm,Drought,D06,3,3,9/29/20,BQ,.,didn't look like all of the fruit was in the tube (only one piece of the fruit)
5/4/20,2,Dorm,Drought,D06,3,4,9/29/20,BQ,42,
5/4/20,2,Dorm,Drought,D06,4,1,9/29/20,BQ,26,
5/4/20,2,Dorm,Drought,D06,4,2,9/29/20,BQ,29,
5/4/20,2,Dorm,Drought,D06,4,3,9/29/20,BQ,.,2 fruits in container; lots of seeds in tube (counted)
5/4/20,2,Dorm,Drought,D06,4,4,9/29/20,BQ,.,fruit looked damaged (like by a herbivore)
5/4/20,2,Dorm,Drought,D06,5,1,9/29/20,BQ,28,
5/4/20,2,Dorm,Drought,D06,5,2,9/29/20,BQ,35,
5/4/20,2,Dorm,Drought,D06,5,3,9/29/20,BQ,.,didn't look like all of the fruit was in the tube (only one piece of the fruit)
5/4/20,2,Dorm,Drought,D06,5,4,9/29/20,BQ,35,
4/28/20,6,Dorm,Soil,E09,1,1,8/31/20,PI,16,
4/28/20,6,Dorm,Soil,E09,1,2,8/31/20,PI,15,"there was one thing that looked like a seed but did not come off of the casing after multiple tries, so we're not counting it. "
4/28/20,6,Dorm,Soil,E09,1,3,8/31/20,PI,14,
4/28/20,6,Dorm,Soil,E09,1,4,8/31/20,PI,26,
4/28/20,6,Dorm,Soil,E09,1,5,8/31/20,PI,25,
4/28/20,6,Dorm,Soil,E09,2,1,8/31/20,PI,38,
4/28/20,6,Dorm,Soil,E09,2,2,09/01/2020,YE,31,Some seeds stuck inside tube but were included in the count
4/28/20,6,Dorm,Soil,E09,2,3,9/1/20,YE,46,
4/28/20,6,Dorm,Soil,E09,2,4,9/1/20,YE,24,
4/28/20,6,Dorm,Soil,E09,2,5,9/1/20,YE,39,
4/28/20,6,Dorm,Soil,E09,3,1,9/1/20,YE,18,
4/28/20,6,Dorm,Soil,E09,3,2,9/1/20,YE,29,
4/28/20,6,Dorm,Soil,E09,3,3,9/1/20,YE,28,"Two seeds stuck inside tube, but were included in count"
4/28/20,6,Dorm,Soil,E09,3,4,9/1/20,YE,28,Small bug found attached to fruit
4/28/20,6,ND,Soil,F12,1,1,9/7/20,PI,29,
4/28/20,6,ND,Soil,F12,1,2,9/7/20,PI,35,
4/28/20,6,ND,Soil,F12,1,3,9/7/20,PI,22,
4/28/20,6,ND,Soil,F12,1,4,9/7/20,PI,22,
4/28/20,6,ND,Soil,F12,1,5,9/7/20,PI,34,
4/28/20,6,ND,Soil,F12,2,1,9/7/20,PI,25,
4/28/20,6,ND,Soil,F12,2,2,9/7/20,PI,28,
4/28/20,6,ND,Soil,F12,2,3,9/7/20,PI,28,
4/28/20,6,ND,Soil,F12,2,4,9/7/20,PI,22,
4/28/20,6,ND,Soil,F12,2,5,9/7/20,PI,33,
4/28/20,6,ND,Soil,F12,3,1,9/7/20,PI,32,
4/28/20,6,ND,Soil,F12,3,2,9/7/20,PI,22,
4/28/20,6,ND,Soil,F12,4,1,9/7/20,PI,23,
4/28/20,6,ND,Soil,F12,5,1,9/7/20,PI,35,
4/28/20,6,ND,Soil,F12,6,1,9/7/20,PI/BQ,31,
4/29/20,7,Dorm,Soil,L03,1,1,9/8/20,YE,37,5 seeds stuck inside tube but were included in the count
4/29/20,7,Dorm,Soil,L03,1,2,9/8/20,YE,22,
4/29/20,7,Dorm,Soil,L03,1,3,9/8/20,YE,18,
4/29/20,7,Dorm,Soil,L03,1,4,9/8/20,YE,23,
4/29/20,7,Dorm,Soil,L03,1,5,9/8/20,YE,28,
4/29/20,7,Dorm,Soil,L03,2,1,9/8/20,YE,32,Small bug found attached to fruit
4/29/20,7,Dorm,Soil,L03,2,2,9/8/20,YE,29,
4/29/20,7,Dorm,Soil,L03,2,3,9/8/20,YE,11,
4/29/20,7,Dorm,Soil,L03,2,4,9/8/20,YE,.,Tube not in bag
4/29/20,7,Dorm,Soil,L03,2,5,9/8/20,YE,.,Tube not in bag
4/29/20,7,Dorm,Soil,L03,3,1,9/14/20,PI,55,
4/29/20,7,Dorm,Soil,L03,3,2,9/14/20,PI,44,
4/29/20,7,Dorm,Soil,L03,3,3,9/14/20,PI,24,
4/29/20,7,Dorm,Soil,L03,3,4,9/14/20,PI,56,
4/29/20,7,Dorm,Soil,L03,3,5,9/14/20,PI,49,
4/29/20,7,Dorm,Soil,L03,4,1,9/14/20,PI,11,
4/29/20,7,Dorm,Soil,L03,4,2,9/14/20,PI,18,
4/29/20,7,Dorm,Soil,L03,4,3,9/14/20,PI,17,
4/29/20,7,Dorm,Soil,L03,4,4,9/14/20,PI,12,
4/29/20,7,Dorm,Soil,L03,4,5,9/14/20,PI,10,
4/29/20,7,Dorm,Soil,L03,5,1,9/14/20,PI,38,
4/29/20,7,Dorm,Soil,L03,5,2,9/15/20,YE,12,
4/29/20,7,Dorm,Soil,L03,5,3,9/15/20,YE,39,
4/29/20,8,Dorm,Soil,L10,1,1,9/7/20,BQ,32,
4/29/20,8,Dorm,Soil,L10,1,2,9/7/20,BQ,43,
4/29/20,8,Dorm,Soil,L10,1,3,9/7/20,BQ,41,
4/29/20,8,Dorm,Soil,L10,1,4,9/7/20,BQ,39,bug in tube with fruit
4/29/20,8,Dorm,Soil,L10,1,5,9/7/20,BQ,39,bug in tube with fruit; 1 seed on table next to paper (didn't count)
4/29/20,8,Dorm,Soil,L10,2,1,9/7/20,BQ,.,didn't look like all of the fruit was in the tube (only one piece of the fruit)
4/29/20,8,Dorm,Soil,L10,2,2,9/7/20,BQ,43,
4/29/20,8,Dorm,Soil,L10,2,3,9/7/20,BQ,34,
4/29/20,8,Dorm,Soil,L10,2,4,9/7/20,BQ,31,"seed-like thing in tube cap, but looked too flat to be seed and couldn't get it out of the cap, so didn't count"
4/29/20,8,Dorm,Soil,L10,2,5,9/7/20,BQ,33,
4/29/20,8,Dorm,Soil,L10,3,1,9/8/20,BQ,39,
4/29/20,8,Dorm,Soil,L10,3,2,9/8/20,BQ,25,
4/29/20,8,Dorm,Soil,L10,3,3,9/8/20,BQ,31,
4/29/20,8,Dorm,Soil,L10,3,4,9/8/20,BQ,25,
4/29/20,8,Dorm,Soil,L10,3,5,9/8/20,BQ,27,
4/29/20,8,Dorm,Soil,L10,4,1,9/8/20,BQ,39,some really dark brown seeds
4/29/20,8,Dorm,Soil,L10,4,2,9/8/20,BQ,37,
4/29/20,8,Dorm,Soil,L10,4,3,9/8/20,BQ,34,6 seeds stuck in tube
4/29/20,8,Dorm,Soil,L10,4,4,9/8/20,BQ,23,
4/29/20,8,Dorm,Soil,L10,4,5,9/8/20,BQ,44,
4/29/20,8,Dorm,Soil,L10,5,1,9/14/20,BQ,18,
4/29/20,8,Dorm,Soil,L10,5,2,9/14/20,BQ,22,
4/29/20,8,Dorm,Soil,L10,5,3,9/14/20,BQ,15,
4/29/20,8,Dorm,Soil,L10,5,4,9/14/20,BQ,15,
4/29/20,7,ND,Soil,M01,1,1,9/15/20,YE,15,
4/29/20,7,ND,Soil,M01,1,2,9/15/20,YE,38,
4/29/20,7,ND,Soil,M01,1,3,9/15/20,YE,23,
4/29/20,7,ND,Soil,M01,1,4,9/15/20,YE,43,
4/29/20,7,ND,Soil,M01,1,5,9/15/20,YE,46,
4/29/20,7,ND,Soil,M01,2,1,9/15/20,YE,14,
4/29/20,7,ND,Soil,M01,2,2,9/15/20,YE,23,
4/29/20,7,ND,Soil,M01,2,3,9/15/20,YE,15,
4/29/20,7,ND,Soil,M01,2,4,9/21/20,PI,26,used ethanol to get seeds out of tube
4/29/20,7,ND,Soil,M01,2,5,9/21/20,PI,23,
4/29/20,7,ND,Soil,M01,3,1,9/21/20,PI,35,
4/29/20,7,ND,Soil,M01,3,2,9/21/20,PI,39,
4/29/20,7,ND,Soil,M01,3,3,9/21/20,PI,40,
4/29/20,7,ND,Soil,M01,4,1,9/21/20,PI,33,
4/29/20,7,ND,Soil,M01,4,2,9/21/20,PI,25,
4/29/20,8,ND,Soil,M12,1,1,9/14/20,BQ,26,
4/29/20,8,ND,Soil,M12,1,2,9/14/20,BQ,31,
4/29/20,8,ND,Soil,M12,1,3,9/14/20,BQ,32,
4/29/20,8,ND,Soil,M12,1,4,9/14/20,BQ,33,
4/29/20,8,ND,Soil,M12,1,5,9/14/20,BQ,30,
4/29/20,8,ND,Soil,M12,2,1,9/14/20,BQ,10,
4/29/20,8,ND,Soil,M12,2,2,9/15/20,BQ,32,
4/29/20,8,ND,Soil,M12,2,3,9/15/20,BQ,20,
4/29/20,8,ND,Soil,M12,2,4,9/15/20,BQ,34,
4/29/20,8,ND,Soil,M12,2,5,9/15/20,BQ,21,
4/29/20,8,ND,Soil,M12,3,1,9/15/20,BQ,19,
4/29/20,8,ND,Soil,M12,3,2,9/15/20,BQ,32,
4/29/20,8,ND,Soil,M12,3,3,9/15/20,BQ,19,
4/29/20,8,ND,Soil,M12,4,1,9/15/20,BQ,28,
4/29/20,8,ND,Soil,M12,5,1,9/15/20,BQ,27,
4/29/20,8,ND,Soil,M12,6,1,9/15/20,BQ,19,