Dormancy,StockN,DonorID,SNP2,SNP4,SNP9,SNP10,SNP14,SNP15,SNP18,SNP30,SNP31,SNP33,SNP38,SNP40,SNP48,SNP54,SNP57,SNP60,SNP61,msat1.4,T27K12,SNP65,SNP67,SNP69,nga128,SNP76,F11P17,NF19K23,SNP85,SNP91,SNP92,SNP97,SNP100,SNP101,SNP104,SNP114,CIW2,SNP126,F7B19,T13H18,T10J7,CIW3,PLS1,SNP138,PLS6,PLS8,SNP145,msat2.41,CZSOD2,SNP155,SNP156,nga361,SNP159,SNP169,SNP170,nga168,SNP177,msat2.22,SNP186,nga172,nga126,SNP194,nga162,NT204,SNP205,msat3.6,msat3.20,msat3.1,SNP223,msat3.10,T16K5,SNP231,SNP235,SNP237,nga6,SNP244,msat4.39,CIW5,F14G16,nga8,msat4.35,msat4.10,CIW7,msat4.14,SNP300,SNP306,SNP307,SNP310,SNP321,SNP323,nga158,SNP331,SNP334,nga249,nga151,SNP350,SNP351,SNP358,nga139,SO262,msat5.1,SNP370,SNP379,SNP394,SNP397,SNP404,SNP406,MBK5,SNP410,SNP415
,,,1,1,1,1,1,1,1,1,1,1,1,1,1,1,1,1,1,1,1,1,1,1,1,1,1,1,1,1,1,1,1,1,1,1,2,2,2,2,2,2,2,2,2,2,2,2,2,2,2,2,2,2,2,2,2,2,3,3,3,3,3,3,3,3,3,3,3,3,3,3,3,3,3,3,4,4,4,4,4,4,4,4,4,4,4,4,5,5,5,5,5,5,5,5,5,5,5,5,5,5,5,5,5,5,5,5,5,5
,,,0.000,0.404,2.628,2.628,8.356,8.356,10.831,14.693,15.537,15.537,17.329,22.172,26.466,30.890,36.718,41.049,47.669,50.502,51.616,54.963,56.925,62.814,70.281,73.297,74.939,76.077,77.219,80.889,81.590,85.907,88.650,89.013,90.252,96.818,0.000,1.016,1.529,1.577,1.826,4.714,8.247,8.894,9.751,13.075,16.569,17.141,23.639,34.568,34.568,36.844,37.010,46.214,46.360,48.651,50.161,58.490,0.000,1.828,8.130,9.445,10.843,11.334,14.259,21.154,31.741,41.835,48.460,55.858,62.209,64.487,68.724,68.781,78.420,79.061,0.000,4.898,7.779,8.783,13.279,20.076,25.297,33.012,34.491,37.068,39.423,40.445,0.000,0.000,6.218,6.218,7.019,10.522,12.075,13.831,14.714,18.104,24.470,32.417,34.834,42.541,51.450,59.555,68.245,75.819,78.100,81.761,83.518,83.897
Dormant,CS97479,LCT009,C,C,C,C,C,C,C,C,C,C,C,C,C,C,C,C,C,C,C,C,C,C,C,C,C,C,C,C,C,C,-,T,T,T,T,T,T,T,T,T,T,T,T,T,T,T,T,T,T,T,T,T,T,T,T,T,C,C,C,C,C,C,C,C,C,C,C,C,C,C,C,C,C,C,C,C,C,C,C,C,C,T,T,-,C,C,C,C,C,C,C,C,C,C,C,C,C,C,C,C,C,C,C,C,C,C,C,C
Dormant,CS97485,LCT015,T,T,T,T,T,T,T,T,T,T,T,T,T,T,T,T,T,T,T,T,T,T,T,T,T,T,T,T,T,T,T,T,T,T,C,C,C,C,C,C,C,C,C,C,C,C,C,C,C,C,C,C,C,C,C,C,T,T,T,T,T,T,T,T,T,C,C,C,C,C,C,C,T,T,C,C,C,C,C,C,C,C,C,C,C,C,C,C,C,C,C,T,T,T,T,T,T,T,T,C,C,T,T,T,T,T,T,T
Dormant,CS97493,LCT023,C,C,C,C,C,C,C,C,C,C,C,C,C,C,C,C,C,C,C,C,C,C,C,C,C,C,C,C,C,C,C,C,C,C,T,T,T,T,T,C,C,C,C,C,C,C,C,C,C,C,C,T,T,T,T,T,C,C,T,T,T,T,T,C,C,C,C,C,C,C,C,C,C,C,C,C,C,C,C,C,C,C,C,C,T,T,C,C,T,T,T,T,T,T,T,T,T,T,T,T,C,C,C,C,C,C,T,T
Dormant,CS97497,LCT029,C,C,C,C,C,C,C,C,C,C,C,T,T,T,T,T,T,T,T,T,T,T,T,T,C,C,h,h,h,C,C,C,C,C,T,T,T,T,T,-,C,C,C,C,C,C,C,C,C,C,C,C,C,C,C,C,C,C,C,C,C,C,C,C,C,C,C,C,C,C,C,C,C,C,C,C,C,C,C,T,T,T,T,T,T,T,T,T,C,C,C,C,C,C,C,C,C,C,C,C,C,C,T,T,T,T,T,T
Dormant,CS97498,LCT030,C,C,C,C,C,C,C,C,C,C,C,C,C,C,C,C,C,C,C,C,C,C,T,T,T,T,T,T,T,T,T,T,T,T,T,T,T,T,T,T,T,T,T,T,T,T,T,T,T,T,T,T,T,T,T,T,T,T,T,T,T,T,T,C,C,C,C,C,C,C,C,C,C,C,C,C,C,C,C,C,C,T,T,T,T,T,C,C,T,T,T,C,C,C,C,C,C,C,C,C,C,C,C,C,C,C,C,C
Dormant,CS97501,LCT034,T,T,T,T,T,T,T,T,T,T,T,T,T,T,T,T,T,T,T,T,T,T,T,T,T,T,T,T,T,T,T,T,T,T,C,C,C,C,C,C,C,C,C,C,C,C,C,C,C,C,C,C,C,C,C,C,T,T,T,T,T,T,T,T,C,C,C,C,C,C,C,C,C,C,C,C,C,C,C,C,C,C,C,C,C,C,h,h,T,T,T,T,T,T,T,T,T,C,C,C,C,C,C,C,C,C,C,C
Dormant,CS97509,LCT044,C,C,C,C,C,C,C,C,C,C,C,C,C,C,T,T,T,T,T,T,T,T,T,T,T,T,T,T,T,T,T,T,T,T,C,C,C,C,C,C,C,C,C,C,C,C,C,C,C,T,T,T,T,T,T,T,C,C,C,T,T,T,T,T,C,C,C,C,C,C,C,C,C,C,C,C,C,C,C,C,C,C,C,C,C,C,C,C,C,C,C,C,T,T,T,T,T,C,C,C,C,C,C,C,C,C,C,C
Dormant,CS97514,LCT049,C,C,C,C,C,C,C,C,C,C,C,C,T,T,T,T,T,T,T,T,T,T,T,T,T,T,T,T,T,T,T,T,T,T,T,T,T,T,T,T,T,T,T,T,T,T,T,T,T,T,T,h,h,h,T,T,T,T,h,C,C,C,C,C,C,C,C,C,C,C,C,C,C,C,C,C,C,C,C,C,C,C,C,C,C,C,C,C,T,T,T,T,T,h,h,C,C,C,C,C,C,C,C,C,C,C,C,C
Dormant,CS97519,LCT055,C,C,C,C,C,C,C,C,C,C,C,C,C,C,C,C,C,C,C,C,C,C,C,C,C,C,C,C,C,C,C,C,C,T,T,T,T,T,T,T,T,T,T,C,C,C,C,C,C,C,C,C,C,C,C,C,C,C,C,C,C,C,C,C,C,C,C,C,C,C,T,T,T,T,C,C,C,C,C,C,C,T,T,C,C,C,T,T,T,T,T,T,T,T,T,T,T,T,T,C,C,C,C,T,T,T,T,T
Dormant,CS97520,LCT056,T,T,T,T,T,T,T,T,T,T,T,T,T,T,T,T,T,T,T,C,C,C,C,C,C,C,C,C,C,C,C,C,T,C,C,C,C,C,C,C,C,C,C,C,C,C,C,C,C,C,C,T,T,T,T,T,C,C,C,C,C,C,C,C,C,C,C,C,C,C,C,C,C,C,C,C,C,C,C,T,T,T,T,T,T,T,T,T,T,T,T,T,T,T,T,C,C,C,C,C,C,C,C,C,C,C,C,C
Dormant,CS97529,LCT065,T,T,T,T,T,T,T,T,T,T,T,T,C,C,C,C,C,C,C,C,C,C,C,C,C,C,C,C,C,C,C,C,C,C,C,C,C,C,C,C,C,C,C,C,C,C,C,C,C,C,C,C,C,C,C,C,C,C,C,C,C,C,C,C,C,C,C,C,C,C,C,C,C,C,T,T,T,T,T,T,T,T,T,T,T,T,T,T,T,T,T,T,T,T,T,T,T,T,T,T,C,C,C,C,C,C,C,C
Dormant,CS97530,LCT066,T,T,T,T,T,T,T,T,T,T,T,T,T,T,T,T,T,T,T,T,T,T,T,T,T,T,T,C,C,C,C,C,C,C,C,C,C,C,C,C,C,C,C,C,C,C,C,C,C,C,C,C,C,C,C,C,T,T,T,T,T,T,T,T,T,C,C,C,C,C,C,C,C,C,C,C,C,C,C,C,C,C,C,C,C,C,T,T,T,T,T,T,T,T,T,T,T,C,C,C,C,C,C,C,C,C,C,C
Dormant,CS97537,LCT073,C,C,C,C,C,C,C,C,C,C,C,C,C,C,C,C,C,C,C,C,C,C,C,C,C,C,C,T,T,T,T,T,T,-,C,T,T,T,T,T,T,T,T,T,T,T,T,T,T,T,T,T,T,T,T,C,C,C,C,C,C,C,C,C,C,C,C,C,C,C,C,C,C,C,C,C,C,C,C,C,C,C,C,C,C,C,C,C,C,C,C,C,C,C,C,C,C,C,C,C,C,C,C,C,C,C,C,C
Dormant,CS97558,LCT097,T,T,T,T,T,T,C,C,C,C,C,C,C,C,C,C,T,T,T,T,T,C,C,C,C,C,C,C,C,C,C,C,C,C,C,C,C,C,C,C,C,C,C,C,C,C,C,T,T,T,T,T,T,T,T,T,C,C,C,C,C,C,C,C,C,C,C,C,C,C,C,C,T,T,C,C,T,T,C,T,T,T,T,T,T,T,C,C,C,C,C,C,C,C,C,C,T,T,T,T,C,T,T,T,T,T,T,T
Dormant,CS97561,LCT101,T,T,T,T,T,T,T,T,T,T,T,T,T,T,T,T,T,T,T,T,T,T,T,T,T,T,T,T,T,T,T,T,T,C,C,C,C,C,C,T,T,T,T,T,T,T,T,T,T,T,T,T,T,T,T,C,C,C,C,C,C,C,C,C,C,C,C,C,C,C,C,C,C,C,C,C,C,C,C,C,C,C,C,C,C,C,T,T,T,T,T,T,T,C,C,T,T,C,C,C,C,C,T,C,C,C,C,C
Dormant,CS97573,LCT116,T,T,T,T,T,T,T,T,T,T,T,T,T,T,T,T,T,T,T,T,C,C,C,C,C,C,C,C,C,C,C,C,C,C,T,T,T,T,T,T,T,T,T,T,C,C,C,C,C,C,C,C,C,C,C,C,C,C,C,C,C,C,C,C,C,C,C,C,C,C,C,C,C,C,T,T,T,T,T,T,T,T,T,T,T,T,T,T,T,T,T,T,T,T,T,T,T,T,T,C,C,C,T,T,T,T,T,T
Non-Dormant,CS97478,LCT006,C,C,T,T,T,T,T,T,T,T,T,T,C,C,C,C,T,T,T,T,T,T,C,C,T,T,C,C,C,C,T,T,T,T,C,C,T,T,T,T,T,T,T,T,T,T,T,T,T,T,T,C,C,h,C,T,C,C,C,C,C,C,C,T,T,T,T,T,T,C,C,C,C,C,C,C,C,C,C,C,C,C,C,C,C,C,T,T,C,C,C,T,T,T,C,C,T,T,T,T,T,C,C,C,C,C,C,C
Non-Dormant,CS97484,LCT014,C,C,C,C,C,C,C,C,C,C,C,C,C,C,C,C,T,T,T,T,T,T,C,C,C,C,C,C,C,C,C,C,C,C,T,T,T,T,T,T,T,T,T,T,T,T,T,T,T,T,T,T,T,T,T,T,C,C,C,C,C,C,T,T,T,T,T,T,T,T,T,T,T,T,T,C,C,C,C,C,C,C,C,C,C,C,T,T,T,T,T,T,T,T,T,T,T,T,T,T,T,T,T,T,T,T,T,T
Non-Dormant,CS97486,LCT016,C,C,C,C,C,C,T,T,T,T,T,T,T,T,T,T,T,T,T,T,T,T,T,T,T,T,T,T,T,C,C,C,C,C,C,C,C,C,C,C,C,C,C,C,C,C,C,C,C,C,C,C,C,C,C,T,C,C,C,C,C,C,C,T,T,T,T,T,T,T,T,T,T,T,T,T,T,T,T,T,C,C,C,C,C,C,T,T,T,T,T,T,T,T,T,T,T,T,T,T,T,T,T,T,T,T,T,T
Non-Dormant,CS97488,LCT018,C,C,T,T,T,T,T,T,T,T,T,T,T,T,T,T,T,C,C,C,C,C,C,C,C,C,C,C,C,C,C,C,C,C,C,C,C,C,C,C,C,C,C,C,C,C,C,C,C,C,C,C,C,C,C,C,C,C,T,T,T,T,T,T,T,T,T,T,T,T,T,T,T,T,C,C,C,C,C,C,C,C,C,C,C,C,C,C,T,T,T,T,T,T,T,T,T,T,T,T,T,C,C,C,C,C,C,C
Non-Dormant,CS97496,LCT028,T,T,T,T,T,T,T,T,T,T,T,T,T,T,T,T,T,T,T,T,T,T,T,T,T,C,C,C,C,C,C,C,C,C,C,C,C,C,C,C,C,C,C,C,C,C,C,C,C,C,C,C,C,C,C,C,C,C,C,C,C,C,C,T,T,T,T,T,T,T,T,T,T,T,C,C,C,C,C,T,T,T,T,T,T,T,T,T,T,T,T,T,T,T,T,C,C,C,C,T,T,T,T,T,T,T,T,T
Non-Dormant,CS97499,LCT031,C,C,C,C,h,h,h,h,h,h,T,h,h,C,C,C,C,C,C,C,C,C,C,h,C,C,h,h,h,h,h,h,h,h,T,T,T,T,T,T,T,T,T,T,T,T,T,T,T,T,T,T,T,T,T,T,T,T,T,T,T,T,h,h,T,T,T,T,T,T,T,T,T,T,T,T,T,C,C,C,C,C,C,C,C,C,C,C,h,h,h,h,h,h,h,T,T,T,T,T,T,T,T,C,C,C,C,C
Non-Dormant,CS97505,LCT039,C,C,C,C,C,C,C,C,C,C,C,C,C,C,C,C,C,C,C,C,C,C,T,T,T,T,T,T,T,T,C,C,C,C,C,C,C,C,C,C,C,C,C,C,C,C,C,C,C,C,C,C,C,C,C,C,T,T,T,T,T,T,T,T,T,T,T,T,T,T,T,T,T,T,C,C,C,C,C,C,C,C,C,C,C,C,T,T,T,T,T,T,T,T,T,T,T,T,T,T,T,T,T,T,T,T,T,T
Non-Dormant,CS97510,LCT045,T,T,T,T,T,T,T,T,T,T,T,T,T,T,T,T,T,T,T,T,T,T,T,T,T,T,T,T,T,T,T,T,T,C,C,C,C,C,C,C,C,C,C,C,C,C,C,C,C,C,C,C,C,C,C,C,T,T,T,T,T,T,T,T,T,T,T,T,T,T,T,T,T,T,C,C,C,C,C,C,C,C,C,C,T,T,T,T,T,T,T,T,T,T,T,T,T,T,T,T,T,T,T,T,T,T,T,T
Non-Dormant,CS97515,LCT050,T,T,T,T,T,T,T,T,T,T,T,C,C,C,C,C,C,C,C,C,C,C,C,C,C,C,C,C,C,C,C,C,C,C,T,T,T,T,T,T,T,T,T,T,T,T,T,T,T,T,T,T,T,T,T,C,T,T,T,T,T,T,T,C,C,T,T,T,T,T,T,T,T,T,C,C,C,C,C,C,C,C,C,C,C,C,C,C,C,C,C,C,C,C,C,C,T,T,T,T,T,T,T,T,T,T,T,T
Non-Dormant,CS97518,LCT054,C,C,C,C,C,C,C,C,C,C,C,C,C,C,T,T,T,T,T,T,T,T,T,T,T,T,T,T,T,T,T,T,T,T,C,C,C,C,C,C,C,C,C,C,C,C,C,C,C,C,C,T,T,T,T,T,T,T,T,T,T,T,C,C,C,T,T,T,T,T,T,T,T,T,C,C,C,C,C,C,C,C,T,T,T,T,T,T,T,T,T,C,C,C,C,C,C,C,T,T,T,C,C,C,C,C,C,C
Non-Dormant,CS97521,LCT057,C,C,C,C,C,C,C,C,C,C,C,-,h,T,T,T,T,T,T,T,T,T,T,T,T,T,T,T,T,T,T,T,T,T,C,C,C,C,C,C,C,C,C,C,C,C,C,C,C,C,C,T,T,h,C,C,C,C,C,C,C,C,C,C,h,T,T,T,T,T,T,-,h,C,T,T,C,C,C,C,C,C,C,C,C,C,T,T,T,T,T,T,T,T,T,T,T,T,T,T,T,T,T,T,T,T,T,T
Non-Dormant,CS97524,LCT060,T,T,T,T,T,T,T,T,T,T,T,T,T,T,T,C,C,T,T,T,T,T,T,T,T,T,T,T,T,T,T,T,T,T,C,C,C,C,C,C,C,C,C,C,C,C,C,C,C,C,C,T,T,T,T,T,C,C,C,C,C,C,C,C,T,T,T,T,T,T,T,T,T,T,C,C,C,C,C,C,C,C,C,C,C,C,T,T,T,T,T,T,T,T,T,T,T,T,T,T,T,C,C,C,C,C,C,C
Non-Dormant,CS97546,LCT083,T,T,T,T,T,T,T,T,T,T,T,T,C,C,C,C,C,C,C,C,C,C,C,C,-,T,T,T,T,T,T,T,T,T,T,T,T,T,T,T,C,C,C,C,C,C,C,C,C,C,C,C,C,C,C,T,T,T,T,T,T,T,T,T,T,T,T,T,T,T,T,T,T,T,C,C,C,C,C,C,C,C,C,C,C,C,C,C,C,C,C,C,C,C,C,C,C,C,-,T,T,T,T,T,T,T,T,T
Non-Dormant,CS97547,LCT085,T,T,T,T,T,T,T,C,C,C,C,C,C,C,C,C,C,C,C,C,C,C,C,C,C,C,C,C,C,T,T,T,T,C,T,T,T,T,T,T,T,T,T,T,T,T,T,T,T,T,T,T,T,T,T,C,C,C,C,C,C,C,C,C,C,T,T,T,T,T,T,T,T,T,C,C,C,C,C,C,C,C,C,-,T,T,T,T,T,T,T,T,T,T,T,T,T,T,T,T,T,T,C,C,C,C,C,C
Non-Dormant,CS97550,LCT088,T,T,T,T,C,C,C,T,T,T,T,C,C,C,C,C,C,C,C,C,C,C,C,T,T,T,T,T,T,T,T,T,T,T,C,C,C,C,C,C,C,C,C,C,C,C,C,T,T,T,T,C,C,C,T,T,T,T,T,T,T,T,T,T,T,T,T,T,T,T,T,T,T,T,C,C,C,C,C,C,C,C,C,C,C,C,C,C,C,C,C,C,C,C,C,C,C,C,C,C,T,C,C,C,C,C,C,C
Non-Dormant,CS97555,LCT094,C,C,C,C,C,C,C,C,C,C,C,C,C,T,T,T,T,T,T,T,T,C,C,C,C,C,C,C,T,T,C,C,C,C,C,C,C,C,C,C,C,C,C,C,C,C,C,C,C,C,C,C,C,C,C,C,T,T,T,T,T,T,T,T,T,T,T,T,T,T,T,T,C,C,C,C,C,C,C,C,C,C,C,C,C,C,T,T,T,T,T,T,T,T,T,T,T,T,T,T,T,T,T,C,C,T,T,T
,,Count of Cal Genotype,8,8,8,8,8,8,9,9,9,9,9,8,8,8,7,7,6,6,6,7,8,9,8,8,9,9,8,8,8,9,8,8,7,8,9,8,8,8,8,8,9,9,9,10,11,11,11,10,10,9,9,7,7,7,7,9,11,11,10,10,10,10,10,12,14,16,16,16,16,16,15,15,13,13,14,14,13,13,14,11,11,8,8,9,9,9,8,8,6,6,6,6,5,6,6,7,6,10,10,13,16,14,11,11,11,11,10,10
,,Count of Heterozygotes,0,0,0,0,0,0,0,0,0,0,0,0,0,0,0,0,0,0,0,0,0,0,0,0,0,0,1,1,1,0,0,0,0,0,0,0,0,0,0,0,0,0,0,0,0,0,0,0,0,0,0,1,1,1,0,0,0,0,1,0,0,0,0,0,0,0,0,0,0,0,0,0,0,0,0,0,0,0,0,0,0,0,0,0,0,0,1,1,0,0,0,0,0,1,1,0,0,0,0,0,0,0,0,0,0,0,0,0
,,Total # alleles,800,800,800,800,800,800,800,800,800,800,800,800,800,800,800,800,800,800,800,800,800,800,800,800,800,800,800,800,800,800,800,800,800,800,800,800,800,800,800,800,800,800,800,800,800,800,800,800,800,800,800,800,800,800,800,800,800,800,800,800,800,800,800,800,800,800,800,800,800,800,800,800,800,800,800,800,800,800,800,800,800,800,800,800,800,800,800,800,800,800,800,800,800,800,800,800,800,800,800,800,800,800,800,800,800,800,800,800
,,Dormant Pop Allele Frequency,0.5,0.5,0.5,0.5,0.5,0.5,0.5625,0.5625,0.5625,0.5625,0.5625,0.5,0.5,0.5,0.4375,0.4375,0.375,0.375,0.375,0.4375,0.5,0.5625,0.5,0.5,0.5625,0.5625,0.53125,0.53125,0.53125,0.5625,0.5,0.5,0.4375,0.5,0.5625,0.5,0.5,0.5,0.5,0.5,0.5625,0.5625,0.5625,0.625,0.6875,0.6875,0.6875,0.625,0.625,0.5625,0.5625,0.46875,0.46875,0.46875,0.4375,0.5625,0.6875,0.6875,0.65625,0.625,0.625,0.625,0.625,0.75,0.875,1,1,1,1,1,0.9375,0.9375,0.8125,0.8125,0.875,0.875,0.8125,0.8125,0.875,0.6875,0.6875,0.5,0.5,0.5625,0.5625,0.5625,0.53125,0.53125,0.375,0.375,0.375,0.375,0.3125,0.40625,0.40625,0.4375,0.375,0.625,0.625,0.8125,1,0.875,0.6875,0.6875,0.6875,0.6875,0.625,0.625
,,Count of Cal Genotype,9,9,7,7,7,7,6,6,6,6,6,7,9,9,8,9,7,7,7,7,7,8,9,7,6,7,7,7,6,6,7,7,7,9,11,11,10,10,10,10,11,11,11,11,11,11,11,10,10,10,10,9,9,8,9,8,8,8,7,7,7,7,7,5,3,0,0,0,0,1,1,1,2,3,12,13,14,15,15,14,15,15,14,13,12,12,5,5,4,4,4,4,4,4,5,6,4,4,2,1,0,5,6,8,8,7,7,7
,,Count of Heterozygotes,0,0,0,0,1,1,1,1,1,1,0,1,2,0,0,0,0,0,0,0,0,0,0,1,0,0,1,1,1,1,1,1,1,1,0,0,0,0,0,0,0,0,0,0,0,0,0,0,0,0,0,0,0,2,0,0,0,0,0,0,0,0,1,1,1,0,0,0,0,0,0,0,1,0,0,0,0,0,0,0,0,0,0,0,0,0,0,0,1,1,1,1,1,1,1,0,0,0,0,0,0,0,0,0,0,0,0,0
,,Total # alleles,800,800,800,800,800,800,800,800,800,800,800,800,800,800,800,800,800,800,800,800,800,800,800,800,800,800,800,800,800,800,800,800,800,800,800,800,800,800,800,800,800,800,800,800,800,800,800,800,800,800,800,800,800,800,800,800,800,800,800,800,800,800,800,800,800,800,800,800,800,800,800,800,800,800,800,800,800,800,800,800,800,800,800,800,800,800,800,800,800,800,800,800,800,800,800,800,800,800,800,800,800,800,800,800,800,800,800,800
,,Non-Dormant Pop Allele Frequency,0.5625,0.5625,0.4375,0.4375,0.46875,0.46875,0.40625,0.40625,0.40625,0.40625,0.375,0.46875,0.625,0.5625,0.5,0.5625,0.4375,0.4375,0.4375,0.4375,0.4375,0.5,0.5625,0.46875,0.375,0.4375,0.46875,0.46875,0.40625,0.40625,0.46875,0.46875,0.46875,0.59375,0.6875,0.6875,0.625,0.625,0.625,0.625,0.6875,0.6875,0.6875,0.6875,0.6875,0.6875,0.6875,0.625,0.625,0.625,0.625,0.5625,0.5625,0.5625,0.5625,0.5,0.5,0.5,0.4375,0.4375,0.4375,0.4375,0.46875,0.34375,0.21875,0,0,0,0,0.0625,0.0625,0.0625,0.15625,0.1875,0.75,0.8125,0.875,0.9375,0.9375,0.875,0.9375,0.9375,0.875,0.8125,0.75,0.75,0.3125,0.3125,0.28125,0.28125,0.28125,0.28125,0.28125,0.28125,0.34375,0.375,0.25,0.25,0.125,0.0625,0,0.3125,0.375,0.5,0.5,0.4375,0.4375,0.4375
,,Count of Cal Genotype,17,17,15,15,15,15,15,15,15,15,15,15,17,17,15,16,13,13,13,14,15,17,17,15,15,16,15,15,14,15,15,15,14,17,20,19,18,18,18,18,20,20,20,21,22,22,22,20,20,19,19,16,16,15,16,17,19,19,17,17,17,17,17,17,17,16,16,16,16,17,16,16,15,16,26,27,27,28,29,25,26,23,22,22,21,21,13,13,10,10,10,10,9,10,11,13,10,14,12,14,16,19,17,19,19,18,17,17
,,Count of Heterozygotes,0,0,0,0,1,1,1,1,1,1,0,1,2,0,0,0,0,0,0,0,0,0,0,1,0,0,2,2,2,1,1,1,1,1,0,0,0,0,0,0,0,0,0,0,0,0,0,0,0,0,0,1,1,3,0,0,0,0,1,0,0,0,1,1,1,0,0,0,0,0,0,0,1,0,0,0,0,0,0,0,0,0,0,0,0,0,1,1,1,1,1,1,1,2,2,0,0,0,0,0,0,0,0,0,0,0,0,0
,,Total # alleles,832,832,832,832,832,832,832,832,832,832,832,832,832,832,832,832,832,832,832,832,832,832,832,832,832,832,832,832,832,832,832,832,832,832,832,832,832,832,832,832,832,832,832,832,832,832,832,832,832,832,832,832,832,832,832,832,832,832,832,832,832,832,832,832,832,832,832,832,832,832,832,832,832,832,832,832,832,832,832,832,832,832,832,832,832,832,832,832,832,832,832,832,832,832,832,832,832,832,832,832,832,832,832,832,832,832,832,832
,,Mixed Pop Allele Frequency,0.53125,0.53125,0.46875,0.46875,0.484375,0.484375,0.484375,0.484375,0.484375,0.484375,0.46875,0.484375,0.5625,0.53125,0.46875,0.5,0.40625,0.40625,0.40625,0.4375,0.46875,0.53125,0.53125,0.484375,0.46875,0.5,0.5,0.5,0.46875,0.484375,0.484375,0.484375,0.453125,0.546875,0.625,0.59375,0.5625,0.5625,0.5625,0.5625,0.625,0.625,0.625,0.65625,0.6875,0.6875,0.6875,0.625,0.625,0.59375,0.59375,0.515625,0.515625,0.515625,0.5,0.53125,0.59375,0.59375,0.546875,0.53125,0.53125,0.53125,0.546875,0.546875,0.546875,0.5,0.5,0.5,0.5,0.53125,0.5,0.5,0.484375,0.5,0.8125,0.84375,0.84375,0.875,0.90625,0.78125,0.8125,0.71875,0.6875,0.6875,0.65625,0.65625,0.421875,0.421875,0.328125,0.328125,0.328125,0.328125,0.296875,0.34375,0.375,0.40625,0.3125,0.4375,0.375,0.4375,0.5,0.59375,0.53125,0.59375,0.59375,0.5625,0.53125,0.53125